Gender,Age,Hemoglobin(g/dl),Neutrophils(%),Lymphocytes(%),Monocytes(%),Eosinophils(%),RBC,HCT(%),MCV(fl),MCH(pg),MCHC(g/dl),RDW-CV(%),Total Platelet Count(/cumm),MPV(fl),PDW(%),PCT(%),Total WBC count(/cumm),NLR,PLT_Hct,Result
Male,21,14.8,48,47,3,2,5,48.0,96.0,29.6,30.8,11.6,112000,10.7,15.4,0.12,5100,1.0212765957446808,2333.333333333333,positive
Male,30,15.0,47,49,6,3,5,49.8,96.1,28.4,29.5,11.8,96000,10.6,15.8,0.121,4500,0.9591836734693876,1927.710843373494,positive
Male,51,16.3,41,48,4,5,5,50.1,93.5,31.3,32.7,13.5,184000,10.4,16.4,0.13,6000,0.8541666666666666,3672.6546906187614,negative
Female,26,12.3,46,49,7,5,5,44.0,90.0,30.5,30.5,14.7,167000,8.1,17.1,0.11,5000,0.9387755102040816,3795.4545454545455,negative
Male,35,16.1,45,46,4,4,5,50.53,91.0,29.12,29.2,15.2,155000,10.52,12.34,0.15,4600,0.9782608695652174,3067.4846625766872,negative
Male,67,13.5,50,44,2,2,5,47.0,89.0,28.3,29.8,11.1,84000,9.7,14.6,0.101,4100,1.1363636363636365,1787.2340425531916,positive
Female,45,12.4,43,42,3,4,4,39.0,84.0,27.9,29.13,12.3,92000,10.3,13.6,0.183,4700,1.0238095238095235,2358.974358974359,positive
Female,34,13.4,42,40,3,3,4,40.2,88.0,28.31,31.4,13.2,90000,8.9,13.6,0.111,4200,1.05,2238.8059701492534,positive
Female,56,14.7,45,48,7,5,5,44.5,93.0,30.45,33.61,13.8,177000,10.23,16.1,0.141,5500,0.9375,3977.52808988764,negative
Female,26,14.1,42,45,3,4,4,45.0,85.0,31.0,32.35,14.15,220000,10.0,17.6,0.17,6000,0.9333333333333332,4888.888888888889,negative
Male,55,15.7,45,49,3,5,6,49.0,91.0,30.0,32.78,15.6,230000,10.8,15.8,0.14,5000,0.9183673469387756,4693.877551020408,negative
Female,40,11.9,50,41,2,3,4,38.64,97.0,27.08,29.8,12.0,80000,9.4,14.39,0.133,4050,1.2195121951219512,2070.3933747412007,positive
Female,23,15.4,44,46,5,4,5,44.5,86.0,31.04,32.13,14.0,160000,10.37,16.7,0.18,5300,0.9565217391304348,3595.505617977528,negative
Male,47,14.5,47,49,5,5,5,41.06,90.0,28.44,29.7,13.4,159000,10.2,14.5,0.15,4800,0.9591836734693876,3872.3818801753528,negative
Male,33,16.67,47,48,3,4,6,51.15,99.0,30.65,31.7,14.54,170000,10.71,16.21,0.1,5400,0.9791666666666666,3323.55816226784,negative
Male,37,15.9,44,47,4,5,6,49.5,86.0,29.9,30.6,15.0,160000,10.44,17.12,0.16,5700,0.9361702127659576,3232.3232323232323,negative
Male,46,17.4,45,41,2,2,5,46.17,91.0,30.17,31.84,14.3,132000,10.23,15.32,0.162,4400,1.0975609756097562,2858.99935022742,positive
Male,29,16.3,49,42,3,2,5,45.55,85.0,28.3,29.43,12.14,120000,9.8,14.1,0.192,4500,1.1666666666666667,2634.467618002196,positive
Male,28,15.439,43,46,3,4,5,47.7,95.0,29.5,30.67,13.8,164000,10.4,16.2,0.2,6500,0.9347826086956522,3438.1551362683435,negative
Male,31,15.7,42,48,4,5,5,49.62,99.0,31.1,32.78,14.57,187000,10.2,15.7,0.16,5000,0.875,3768.641676743249,negative
Male,49,16.86,45,46,3,3,5,45.67,94.0,30.0,31.43,15.4,171000,10.1,16.13,0.2,7000,0.9782608695652174,3744.252244361725,negative
Female,36,12.35,44,41,2,3,4,40.12,89.0,28.96,29.08,12.2,132000,8.8,13.5,0.13,4400,1.0731707317073171,3290.1296111665006,positive
Male,54,13.3,43,41,2,2,5,45.5,96.0,28.15,29.88,11.9,120000,9.5,15.6,0.151,4100,1.048780487804878,2637.362637362637,positive
Male,61,14.6,48,44,2,3,5,44.4,94.0,28.5,29.64,13.88,142000,10.5,14.87,0.139,4600,1.0909090909090908,3198.1981981981985,positive
Male,26,15.3,43,47,3,4,5,48.5,97.0,30.1,31.67,15.22,194000,10.4,17.44,0.2,5700,0.9148936170212766,4000.0,negative
Male,22,14.3,47,41,2,3,5,44.6,96.0,28.8,29.56,12.6,83000,10.2,14.7,0.176,4300,1.146341463414634,1860.9865470852017,positive
Male,19,14.76,44,42,2,2,5,43.4,92.0,28.33,29.91,13.6,95000,10.1,14.34,0.145,4700,1.0476190476190477,2188.9400921658985,positive
Male,32,14.32,43,40,2,3,5,44.5,98.0,28.21,29.53,12.44,91000,10.1,14.56,0.16,4200,1.075,2044.943820224719,positive
Female,19,13.23,43,42,2,2,4,41.33,85.0,29.11,30.26,12.61,88000,10.3,14.15,0.13,4500,1.0238095238095235,2129.2039680619405,positive
Female,35,14.13,45,43,2,3,5,43.56,88.0,29.47,30.98,12.78,111000,10.22,14.08,0.119,4700,1.0465116279069768,2548.2093663911846,positive
Male,23,15.26,48,41,3,2,5,45.15,82.0,29.67,31.45,13.5,144000,10.1,15.34,0.163,4900,1.170731707317073,3189.36877076412,positive
Male,19,16.44,45,49,3,4,6,50.38,98.0,30.12,32.48,14.83,174000,10.1,16.35,0.136,7000,0.9183673469387756,3453.7514886859863,negative
Female,45,14.32,43,41,3,2,5,46.75,89.0,29.46,30.55,13.18,105000,9.51,14.52,0.114,4200,1.048780487804878,2245.9893048128342,positive
Male,19,16.24,45,47,4,5,6,48.95,94.0,30.29,31.66,15.61,160000,10.32,15.25,0.2,6500,0.9574468085106383,3268.641470888662,negative
Male,20,14.63,46,41,2,3,5,47.22,83.0,28.55,29.34,14.62,91000,10.18,14.11,0.1,5500,1.1219512195121952,1927.149512918255,positive
Male,20,14.28,44,42,3,2,5,49.15,88.0,28.84,29.43,16.32,141000,10.22,14.52,0.139,4700,1.0476190476190477,2868.769074262462,positive
Male,21,15.11,48,44,3,4,5,46.44,82.0,29.46,30.81,13.88,90000,10.28,14.72,0.1,4600,1.0909090909090908,1937.984496124031,positive
Male,28,15.41,41,45,4,5,6,48.63,94.0,30.26,32.56,15.53,182000,10.32,16.12,0.2,7500,0.9111111111111112,3742.5457536500094,negative
Male,30,14.64,48,42,3,4,5,45.38,80.0,29.09,30.47,14.45,130000,10.11,15.23,0.1,4400,1.1428571428571428,2864.698104892023,positive
Male,70,14.82,48,46,4,2,5,46.36,88.0,28.38,29.48,15.54,144000,10.1,14.79,0.122,5000,1.0434782608695652,3106.125970664366,positive
Female,40,15.12,45,41,3,2,4,44.61,87.0,29.59,30.82,15.88,82000,10.1,14.82,0.174,5500,1.0975609756097562,1838.1528805200628,positive
Female,35,14.77,48,47,3,4,5,46.28,84.0,28.44,29.31,14.78,99000,10.17,15.54,0.192,4900,1.0212765957446808,2139.152981849611,positive
Male,30,15.84,43,48,3,5,6,48.73,91.0,30.59,31.73,15.47,192000,10.15,16.81,0.2,6700,0.8958333333333334,3940.0779807100353,negative
Male,24,15.26,45,47,4,3,6,49.93,98.0,31.73,32.48,16.23,186000,10.24,16.33,0.2,6300,0.9574468085106383,3725.215301421991,negative
Male,21,16.56,46,49,4,4,6,48.54,93.0,30.44,31.64,15.22,171000,10.52,16.14,0.2,7100,0.9387755102040816,3522.867737948084,negative
Male,29,14.86,45,41,3,2,4,43.67,82.0,28.7,29.45,14.55,72000,10.1,15.25,0.127,4000,1.0975609756097562,1648.7291046485,positive
Male,55,15.96,42,48,4,5,6,49.38,88.0,30.53,32.41,15.81,162000,10.2,15.63,0.2,6300,0.875,3280.6804374240583,negative
Male,45,14.471,48,45,3,2,5,45.62,85.0,29.43,30.26,14.63,88000,10.19,14.34,0.132,5000,1.0666666666666669,1928.9785181937748,positive
Female,30,16.21,44,48,4,3,7,48.41,95.0,31.88,32.66,15.4,191000,10.56,16.33,0.2,6600,0.9166666666666666,3945.465812848585,negative
Male,53,14.48,42,41,3,2,5,43.44,97.0,29.28,30.62,13.78,79000,10.03,14.98,0.159,4500,1.024390243902439,1818.6003683241252,positive
Female,45,11.3,60,32,5,3,4,39.1,91.0,26.3,29.0,15.8,246000,7.5,12.5,0.185,6000,1.875,6291.56010230179,negative
Male,5,10.4,34,55,9,2,5,36.3,80.0,22.9,28.6,13.3,170000,8.3,14.3,0.141,14900,0.6181818181818182,4683.195592286502,negative
Male,35,14.2,60,29,4,3,5,43.71,83.0,28.98,30.45,12.37,70000,8.14,13.89,0.151,4200,2.0689655172413794,1601.464195836193,positive
Female,29,12.31,55,35,2,2,5,45.42,90.0,27.77,28.36,14.09,84000,9.04,13.64,0.101,4500,1.5714285714285714,1849.4055482166443,positive
Female,22,15.4,45,49,4,5,6,49.09,99.0,30.12,32.14,16.41,194000,10.07,15.03,0.139,6500,0.9183673469387756,3951.925035648808,negative
Female,41,11.4,51,34,2,3,5,45.93,90.0,29.01,30.51,12.01,81500,8.81,13.1,0.104,4400,1.5,1774.4393642499456,positive
Male,23,13.51,49,40,2,2,4,46.07,87.0,29.33,31.02,13.98,123000,9.08,12.66,0.1,4100,1.225,2669.850227914044,positive
Male,37,14.07,50,46,3,2,5,48.92,91.0,30.14,31.43,13.72,147000,10.11,14.61,0.169,4700,1.0869565217391304,3004.905968928864,positive
Male,59,14.83,47,37,3,2,5,47.28,96.0,30.74,32.59,14.73,113000,9.52,13.21,0.1,4300,1.2702702702702702,2390.016920473773,positive
Male,24,13.79,50,32,2,2,5,46.11,95.0,29.03,30.0,13.18,109000,10.46,13.49,0.196,4400,1.5625,2363.912383430926,positive
Female,47,11.7,43,30,2,2,5,44.09,89.0,28.27,29.0,13.36,72000,8.62,12.04,0.01,4600,1.4333333333333331,1633.0233613064186,positive
Male,29,14.67,48,41,2,2,4,46.33,83.0,27.13,28.09,12.73,84000,9.64,13.87,0.192,4300,1.170731707317073,1813.080077703432,positive
Male,34,14.62,41,40,3,2,4,46.83,81.0,30.14,31.89,13.01,89000,10.59,14.55,0.1,4100,1.025,1900.4911381593,positive
Male,15,15.14,52,42,3,4,6,44.99,98.0,31.01,32.31,14.42,117000,10.67,13.79,0.154,4700,1.238095238095238,2600.577906201378,positive
Male,61,15.29,49,39,3,2,4,45.04,91.0,29.41,30.63,14.96,127000,9.12,13.69,0.1,4500,1.2564102564102564,2819.715808170515,positive
Male,28,14.73,45,40,4,2,5,46.48,89.0,30.02,32.71,15.02,131000,8.51,13.0,0.023,4400,1.125,2818.4165232358005,positive
Male,39,15.85,47,49,5,6,6,50.0,97.0,31.0,32.0,15.91,240000,10.89,16.61,0.2,7000,0.9591836734693876,4800.0,negative
Male,37,13.91,50,43,2,3,5,41.02,80.0,29.09,30.17,13.21,79000,9.39,12.14,0.098,4000,1.162790697674419,1925.8898098488544,positive
Male,11,11.0,30,50,7,3,5,40.0,81.0,24.6,27.08,14.2,161000,10.32,15.3,0.2,13500,0.6,4025.0,negative
Female,44,15.5,49,50,5,5,6,49.05,94.0,30.18,31.0,16.84,230000,10.43,16.86,0.231,8000,0.98,4689.092762487258,negative
Female,29,13.23,49,36,2,3,4,45.09,85.0,29.01,30.0,14.71,78000,9.14,14.73,0.11,4000,1.3611111111111112,1729.8735861610112,positive
Female,53,11.78,41,34,3,2,5,47.91,84.0,27.9,28.14,14.41,85000,8.17,14.05,0.134,4200,1.2058823529411764,1774.1598831141723,positive
Female,35,12.34,45,39,3,3,5,43.76,82.0,29.98,30.35,14.71,82000,8.98,14.78,0.051,4500,1.1538461538461535,1873.857404021938,positive
Female,38,13.19,50,41,3,4,5,46.66,89.0,30.18,31.43,15.05,90000,9.91,14.07,0.1,4300,1.2195121951219512,1928.8469781397343,positive
Female,23,14.53,46,38,2,2,4,45.13,84.0,30.81,32.09,14.99,129000,10.01,15.4,0.1,4500,1.2105263157894737,2858.4090405495235,positive
Female,45,15.9,34,49,5,5,6,49.93,98.0,31.55,32.94,15.45,194000,10.76,16.4,0.22,7500,0.6938775510204082,3885.439615461647,negative
Female,30,13.93,50,41,2,2,5,44.02,81.0,29.0,30.0,14.22,100500,8.81,13.18,0.113,4000,1.2195121951219512,2283.053157655611,positive
Male,18,15.99,48,32,3,2,4,48.09,83.0,30.17,32.77,14.63,136000,9.54,14.85,0.1,5000,1.5,2828.0307756290285,positive
Female,26,14.32,42,29,3,2,4,41.0,88.0,27.94,28.98,14.84,90000,9.43,15.63,0.1,4300,1.4482758620689655,2195.121951219512,positive
Male,44,14.58,51,30,3,3,5,46.94,81.0,30.83,31.29,14.76,95000,10.13,15.43,0.1,4500,1.7,2023.860247123988,positive
Male,32,15.35,45,34,2,4,5,47.36,84.0,29.55,30.27,14.95,146000,10.63,14.73,0.178,4800,1.3235294117647058,3082.7702702702704,positive
Male,56,16.64,50,39,4,4,6,49.84,99.0,31.93,32.98,15.97,107000,8.41,15.03,0.133,5000,1.2820512820512822,2146.8699839486358,positive
Male,62,15.43,48,31,3,2,4,44.82,83.0,29.66,30.31,15.04,78000,9.93,14.64,0.149,4800,1.5483870967741935,1740.2945113788487,positive
Female,28,14.78,47,43,4,3,4,45.46,86.0,30.19,31.86,15.89,110000,10.17,15.83,0.199,5500,1.0930232558139534,2419.7096348438185,positive
Male,59,15.62,50,45,2,2,6,46.87,90.0,31.98,32.76,16.81,125000,9.55,16.87,0.121,6500,1.1111111111111112,2666.951141455089,positive
Male,16,16.85,30,50,4,5,7,50.0,94.0,30.86,31.97,15.66,250000,10.87,16.45,0.234,8000,0.6,5000.0,negative
Female,24,14.98,49,30,3,2,5,44.0,93.0,29.39,30.65,14.76,119000,10.08,15.43,0.003,4900,1.6333333333333333,2704.5454545454545,positive
Male,28,15.73,45,36,3,3,6,46.93,88.0,29.65,30.23,14.82,126000,10.53,15.89,0.045,5600,1.25,2684.849776262519,positive
Male,33,15.49,48,40,4,2,6,46.08,99.0,30.47,31.99,15.69,131000,10.62,14.38,0.097,4750,1.2,2842.8819444444443,positive
Male,56,16.83,52,49,5,3,7,47.09,95.0,30.76,31.85,15.94,147000,9.02,14.61,0.082,6500,1.0612244897959184,3121.68188575069,positive
Female,20,12.69,48,29,2,3,5,46.77,83.0,29.42,30.13,13.53,81500,10.49,15.63,0.139,4500,1.6551724137931034,1742.57002351935,positive
Female,59,14.93,31,46,5,5,6,47.84,90.0,29.08,30.16,15.85,186000,10.0,16.0,0.2,8500,0.6739130434782609,3887.959866220736,negative
Male,32,15.09,45,50,3,4,6,46.91,94.0,30.0,31.04,15.905,251000,10.321,14.093,0.1345,9000,0.9,5350.671498614368,negative
Male,35,15.61,51,36,3,3,4,44.983,86.0,31.234,32.09,14.0,139000,9.034,15.032,0.167,6000,1.4166666666666667,3090.0562434697554,positive
Male,56,14.95,45,35,2,4,4,45.0,89.0,29.0,30.0,14.88,98000,8.43,14.82,0.123,4500,1.2857142857142858,2177.777777777778,positive
Male,34,15.95,35,50,5,3,6,49.33,96.0,29.08,30.314,15.876,194000,10.543,16.43,0.1356,9000,0.7,3932.6981552807615,negative
Male,38,16.75,40,47,3,4,6,45.621,95.0,30.362,32.861,16.542,228000,10.004,16.903,0.1,10000,0.851063829787234,4997.698428355362,negative
Female,34,16.089,45,50,4,5,6,46.742,94.0,31.0,32.0,16.484,221000,10.739,16.451,0.1925,9500,0.9,4728.081810791152,negative
Female,39,15.974,32,49,3,2,7,48.045,84.0,30.385,31.815,16.34,195500,10.0,15.82,0.1,8000,0.6530612244897959,4069.101883650744,negative
Male,46,11.202,49,34,2,4,6,48.07,93.0,30.059,31.52,16.3,118000,10.024,16.0,0.01,6500,1.4411764705882353,2454.753484501768,positive
Male,31,15.452,50,34,3,2,5,46.03,91.0,30.0,31.04,17.0,130500,10.01,14.0,0.1,4600,1.4705882352941178,2835.107538561808,positive
Male,16,14.52,45,40,4,2,5,45.0,94.0,29.04,31.0,16.02,112000,9.042,14.721,0.1,4300,1.125,2488.8888888888887,positive
Male,24,14.8,51,37,2,2,6,45.0923,82.0,30.0,31.0,15.29,128000,9.932,15.0,0.004,4900,1.3783783783783785,2838.62211508395,positive
Male,38,15.93,49,50,5,5,6,47.0,86.0,30.091,31.08,16.0,131000,10.0,13.09,0.0305,4400,0.98,2787.234042553192,positive
Female,32,16.0,32,50,4,3,5,48.0,99.0,29.0,29.095,15.01,245000,11.0,16.707,0.0423,7000,0.64,5104.166666666667,negative
Female,20,15.09,40,49,3,4,6,43.0341,89.0,30.012,32.0,14.92,227000,10.362,16.231,0.1,6500,0.8163265306122449,5274.886659648976,negative
Male,45,16.1024,34,50,4,5,5,49.0,90.0,31.34,32.54,14.98,189000,10.21,16.61,0.1,8000,0.68,3857.142857142857,negative
Female,29,15.021,34,47,3,2,7,46.95,93.0,32.0,33.75,15.32,200000,10.29,15.392,0.067,7000,0.723404255319149,4259.850905218317,negative
Female,30,14.53,38,50,4,5,7,48.0,99.0,30.872,31.03,16.23,192000,10.74,16.003,0.1,5000,0.76,4000.0,negative
Male,28,15.93,42,30,2,2,4,46.81,96.0,29.92,30.44,14.093,100000,10.77,15.0,0.1,5000,1.4,2136.295663319803,positive
Female,49,14.0142,47,31,2,3,6,47.02,83.0,29.62,30.75,14.56,107000,8.093,16.37,0.009,4700,1.5161290322580645,2275.627392598894,positive
Male,24,14.03,40,31,3,2,5,43.201,80.0,29.73,30.518,15.03,79000,10.032,15.396,0.1,4400,1.2903225806451613,1828.6613735793155,positive
Male,39,15.93,50,33,4,2,5,45.09,82.0,30.38,31.73,15.08,90000,8.0,15.32,0.093,4800,1.5151515151515151,1996.007984031936,positive
Female,25,15.432,32,50,5,4,5,46.83,95.0,31.0,32.59,16.31,188500,10.139,15.0,0.1,6000,0.64,4025.1975229553705,negative
Male,30,16.09,45,50,3,2,6,47.731,86.0,32.0,33.09,15.83,234000,10.0,16.0,0.053,9000,0.9,4902.474282960759,negative
Female,41,11.092,31,48,2,3,5,48.09,88.0,29.04,30.23,15.77,190000,10.01,15.09,0.027,6000,0.6458333333333334,3950.9253483052607,negative
Female,39,12.071,49,30,3,4,6,46.0,86.0,30.94,31.44,13.032,81000,9.0,14.872,0.009,4500,1.6333333333333333,1760.8695652173913,positive
Male,23,13.369,44,32,2,3,6,44.093,90.0,30.29,31.021,14.0,95000,8.052,14.46,0.01,6000,1.375,2154.5370013380807,positive
Female,58,12.1,52,39,3,2,5,47.0,83.0,29.24,30.73,13.82,107000,9.4,14.19,0.1,5500,1.3333333333333333,2276.595744680851,positive
Female,32,14.803,49,35,4,2,6,44.21,94.0,29.47,30.55,14.24,98000,8.856,14.2,0.0213,4800,1.4,2216.6930558697127,positive
Male,19,14.228,40,29,2,3,5,43.01,93.0,30.25,32.76,14.66,87000,9.41,15.031,0.0832,5400,1.3793103448275863,2022.785398744478,positive
Male,33,13.701,46,31,3,4,6,47.84,89.0,30.073,31.04,15.09,138000,10.034,14.01,0.1,4300,1.4838709677419355,2884.6153846153843,positive
Male,29,14.09,50,49,4,3,6,48.0731,99.0,30.004,31.091,15.07,140000,9.078,15.0,0.1,4800,1.020408163265306,2912.231580655294,positive
Female,25,12.643,51,29,2,2,5,49.0,85.0,31.09,32.0,14.079,123000,10.0,14.0,0.1,7000,1.7586206896551724,2510.204081632653,positive
Male,18,14.028,45,30,2,3,5,41.0,83.0,29.03,30.25,14.68,88000,9.054,15.0,0.0029,5000,1.5,2146.3414634146343,positive
Female,30,15.03,30,50,3,4,6,48.0,89.0,30.0,31.32,15.76,170000,10.412,15.5,0.2,8500,0.6,3541.6666666666665,negative
Male,47,16.042,34,48,3,5,6,47.306,98.0,31.04,32.73,15.43,223000,10.03,16.47,0.0501,4300,0.7083333333333334,4713.989768739695,negative
Female,31,15.129,39,50,4,3,7,45.09,87.0,32.09,33.19,14.83,281000,10.31,15.93,0.01,5000,0.78,6231.980483477489,negative
Male,26,14.9,52,29,2,2,4,46.01,93.0,31.48,32.9,15.01,74000,8.018,14.03,0.03,7000,1.793103448275862,1608.3460117365792,positive
Female,19,13.5,45,50,3,5,5,47.932,99.0,32.04,33.2,16.0,198000,10.0,15.4,0.1,4900,0.9,4130.852040390553,negative
Male,21,14.236,45,30,2,2,6,48.0,97.0,29.0,30.01,15.032,78000,9.027,15.0,0.076,4500,1.5,1625.0,positive
Male,34,16.34,50,32,4,5,6,46.03,90.0,30.903,31.027,14.93,133000,10.005,16.091,0.1,7000,1.5625,2889.4199435150986,positive
Female,49,14.428,45,39,2,3,6,47.13,86.0,30.01,31.4,14.0,93000,10.02,15.15,0.042,5000,1.1538461538461535,1973.265436028008,positive
Female,30,15.83,49,38,3,3,5,43.0,83.0,30.159,31.234,15.56,120000,10.0,16.543,0.01,4500,1.2894736842105263,2790.6976744186045,positive
Female,42,14.09,50,30,3,4,6,45.14,90.0,31.03,33.28,15.23,134000,9.324,16.0,0.1,6000,1.6666666666666667,2968.542312804608,positive
Male,19,16.9,34,50,5,5,5,49.32,90.0,31.45,32.79,14.48,229000,11.0,15.85,0.22,8000,0.68,4643.146796431468,negative
Male,27,15.611,50,45,3,4,7,42.764,88.0,29.83,30.394,15.78,141000,8.463,15.19,0.1,5000,1.1111111111111112,3297.1658404265268,positive
Male,40,14.49,48,30,2,2,5,44.289,83.0,30.301,32.543,15.0,105000,9.342,16.57,0.1,5500,1.6,2370.791844476055,positive
Male,28,15.378,46,35,3,5,4,47.324,89.0,29.63,30.383,15.732,127000,10.087,14.783,0.0256,6000,1.3142857142857145,2683.627757586003,positive
Male,23,14.469,48,40,4,5,6,48.0,89.0,30.484,32.571,15.0,141000,9.28,15.0,0.03,4000,1.2,2937.5,positive
Female,48,11.204,46,30,3,2,6,48.231,86.0,30.17,31.18,15.78,131000,9.893,14.345,0.1,6000,1.5333333333333334,2716.095457278513,positive
Male,35,12.348,49,33,2,2,6,46.219,83.0,31.342,32.0,16.339,109000,8.356,15.0,0.2,5500,1.4848484848484849,2358.337480257037,positive
Male,42,15.4,48,37,4,3,5,48.0,89.0,31.721,32.0,15.5,111000,10.0,14.72,0.034,4500,1.2972972972972974,2312.5,positive
Male,34,13.439,43,35,2,2,6,49.227,87.0,30.0,32.563,16.0,89000,8.723,14.63,0.1,5000,1.2285714285714286,1807.950921242408,positive
Female,43,16.0,30,46,3,4,6,48.0,88.0,31.23,33.47,16.0,199000,10.1,15.0,0.1,7500,0.6521739130434783,4145.833333333333,negative
Female,21,14.2,50,34,4,2,5,46.0,81.0,27.771,29.09,15.438,81500,9.0,14.279,0.0432,4000,1.4705882352941178,1771.7391304347825,positive
Female,38,15.0,44,29,2,2,5,46.512,88.0,30.365,31.467,14.89,117000,10.389,15.0,0.1,5400,1.5172413793103448,2515.479876160991,positive
Female,50,14.559,48,38,3,2,5,42.09,85.0,30.137,31.621,15.0,138000,10.042,15.272,0.0862,4500,1.263157894736842,3278.6885245901635,positive
Male,36,15.249,44,30,2,3,4,47.83,86.0,30.45,31.49,15.328,124000,9.602,14.481,0.1,6550,1.4666666666666666,2592.5151578507216,positive
Female,44,13.231,46,37,4,3,6,44.3891,89.0,31.346,32.907,14.643,132000,10.386,15.229,0.00207,5000,1.2432432432432432,2973.703003665314,positive
Male,29,14.569,48,34,2,3,5,47.43,85.0,30.42,31.683,14.921,140000,10.05,14.403,0.0521,4500,1.411764705882353,2951.718321737297,positive
Female,27,12.892,49,35,3,2,5,48.231,87.0,30.219,32.118,15.045,115000,10.32,14.86,0.0309,5000,1.4,2384.358607534573,positive
Female,31,13.456,46,29,4,3,5,45.703,84.0,29.126,29.397,15.0,102000,9.657,15.372,0.0275,5500,1.5862068965517242,2231.800975865917,positive
Female,29,14.229,49,38,2,2,4,46.0,89.0,30.361,31.653,15.382,114000,10.03,16.303,0.2,4500,1.2894736842105263,2478.260869565217,positive
Female,20,12.574,46,32,2,3,5,47.0,90.0,31.293,32.294,15.02,145000,10.321,16.0,0.0194,6000,1.4375,3085.106382978724,positive
Male,34,16.782,34,50,5,4,7,48.342,90.0,32.429,33.382,14.0,131000,9.4,15.0,0.2,6000,0.68,2709.8589218484963,negative
Male,29,15.372,47,30,2,2,5,49.0,88.0,29.391,31.0,15.2,93000,10.02,16.455,0.1,4000,1.5666666666666669,1897.9591836734692,positive
Male,30,16.264,45,31,3,2,5,43.2,83.0,28.48,29.21,15.43,97000,10.232,15.532,0.1,4500,1.4516129032258065,2245.3703703703704,positive
Male,35,14.739,48,39,4,3,5,47.94,88.0,29.74,30.37,14.32,114000,10.9,14.3,0.0376,5000,1.2307692307692308,2377.9724655819778,positive
Male,48,15.43,47,40,2,2,6,48.0,90.0,30.136,31.0,14.09,123000,10.402,15.0,0.1,6000,1.175,2562.5,positive
Male,31,16.832,49,36,4,2,5,44.323,97.0,29.13,31.23,15.63,145000,10.1,15.436,0.0832,6500,1.3611111111111112,3271.439207634862,positive
Female,24,13.303,45,37,2,2,4,45.26,94.0,30.9,31.48,14.39,134000,9.63,16.213,0.01,5500,1.2162162162162162,2960.671674768007,positive
Female,27,14.531,47,38,3,2,6,46.73,91.0,31.39,33.28,15.63,141000,10.226,15.431,0.1,5000,1.236842105263158,3017.3336186603897,positive
Male,16,15.73,35,50,4,5,7,48.0,99.0,30.878,31.0,15.21,228000,10.21,16.229,0.1,5500,0.7,4750.0,negative
Female,23,16.652,51,45,2,2,6,45.74,94.0,31.73,32.65,14.53,93000,10.283,15.673,0.0039,5000,1.1333333333333333,2033.2313073895928,positive
Female,27,15.43,39,48,5,4,7,49.31,99.0,32.432,33.0,15.0,155000,9.432,15.279,0.01,6500,0.8125,3143.3786250253497,negative
Male,29,16.34,49,30,2,2,5,45.0,91.0,29.48,30.21,15.35,129000,10.342,14.432,0.1,7000,1.6333333333333333,2866.6666666666665,positive
Female,47,15.621,50,37,2,2,5,46.78,93.0,30.25,31.73,14.532,145000,10.29,15.39,0.037,6000,1.351351351351351,3099.615220179564,positive
Female,53,14.83,45,39,3,4,6,47.3,91.0,30.29,31.84,15.72,129000,9.549,16.341,0.1,5500,1.1538461538461535,2727.2727272727275,positive
Male,28,15.631,47,43,2,3,6,46.4,89.0,30.48,31.67,14.65,200000,10.1,15.856,0.002,8000,1.0930232558139534,4310.344827586207,negative
Female,31,16.43,48,44,4,3,6,45.0,85.0,31.65,32.8,15.809,144000,10.04,15.92,0.1,6000,1.0909090909090908,3200.0,positive
Male,29,16.9,45,44,2,3,6,46.73,90.0,28.782,29.21,14.65,138000,10.101,14.0,0.1,4500,1.0227272727272727,2953.1350310293174,positive
Male,44,15.31,46,40,4,2,6,47.28,99.0,29.652,30.124,15.0,123000,10.12,16.0,0.0561,6700,1.15,2601.522842639594,positive
Male,37,16.775,34,50,2,2,6,46.0,94.0,28.45,30.82,15.45,228000,9.428,15.431,0.02,5550,0.68,4956.521739130435,negative
Male,40,14.31,29,43,3,2,5,47.0,91.0,29.562,33.43,14.32,231000,10.31,15.0,0.1,4500,0.6744186046511628,4914.893617021276,negative
Male,29,15.56,38,47,4,5,5,45.112,97.0,30.19,31.56,15.73,236000,11.0,14.65,0.108,5000,0.8085106382978723,5231.42401134953,negative
Male,34,16.32,40,49,2,2,6,46.81,88.0,31.89,32.45,16.0,193000,10.87,15.78,0.002,6500,0.8163265306122449,4123.050630207221,negative
Female,24,15.891,35,50,3,4,6,43.0,83.0,29.34,31.27,14.12,179000,9.14,16.56,0.2,5000,0.7,4162.790697674419,negative
Male,21,15.13,52,40,3,2,5,48.56,89.0,30.13,31.23,15.231,78000,10.5,15.32,0.01,6500,1.3,1606.2602965403623,positive
Female,33,14.283,45,34,3,4,6,45.31,90.0,31.31,32.44,15.0,99000,10.0,15.0,0.1,5500,1.3235294117647058,2184.948135069521,positive
Male,21,13.201,46,39,2,5,6,46.67,95.0,30.19,31.86,16.31,100000,10.38,15.29,0.1,4000,1.1794871794871795,2142.7040925648166,positive
Male,26,14.71,43,29,3,2,6,47.321,93.0,31.45,32.76,13.32,108000,9.424,14.21,0.1,5100,1.4827586206896552,2282.284820692716,positive
Male,57,15.32,47,38,3,4,5,48.0,88.0,28.547,29.88,15.0,79000,9.4,15.56,0.0204,4200,1.236842105263158,1645.8333333333333,positive
Female,58,13.267,43,41,2,2,6,45.36,94.0,29.54,30.153,14.78,91000,9.231,15.04,0.02,4700,1.048780487804878,2006.172839506173,positive
Male,21,16.022,35,50,4,2,4,46.13,87.0,30.16,31.65,15.67,198000,10.43,13.231,0.01,4300,0.7,4292.217645783655,negative
Female,52,14.32,29,48,2,4,5,45.672,90.0,32.45,33.67,14.78,164000,10.221,14.56,0.209,5000,0.6041666666666666,3590.821509896655,negative
Female,34,12.581,30,49,4,3,5,48.0,89.0,31.66,32.42,15.27,171000,9.88,15.32,0.1,6500,0.6122448979591837,3562.5,negative
Female,26,15.1,43,50,3,2,5,46.41,83.0,29.81,30.22,14.532,201000,10.13,15.86,0.036,8000,0.86,4330.963154492567,negative
Female,39,12.338,38,50,4,5,7,44.82,99.0,30.0,32.21,15.05,199000,9.23,15.43,0.024,5600,0.76,4439.9821508255245,negative
Male,42,15.451,52,30,2,2,4,47.61,88.0,31.73,32.59,15.49,87000,10.32,15.08,0.02,4500,1.7333333333333334,1827.3471959672336,positive
Female,35,13.0,49,37,2,5,5,45.673,94.0,29.54,30.18,14.321,91000,10.1,14.23,0.05,6500,1.3243243243243243,1992.4244082937405,positive
Male,46,14.32,43,30,3,2,5,46.81,98.0,30.105,32.0,15.67,97500,8.603,14.63,0.1,4300,1.4333333333333331,2082.8882717368083,positive
Male,18,12.894,53,38,3,4,6,47.0,87.0,29.0,30.04,14.63,100700,9.86,15.0,0.0421,4100,1.394736842105263,2142.553191489362,positive
Male,23,13.47,40,50,5,2,7,43.28,84.0,29.78,30.44,15.83,261000,10.0,16.0,0.1,7600,0.8,6030.499075785582,negative
Male,49,14.346,52,34,4,3,6,44.03,98.0,30.1,31.69,15.51,80000,8.813,14.475,0.1,5400,1.5294117647058822,1816.9429934135817,positive
Male,19,15.43,42,31,2,3,5,42.0,84.0,31.67,32.44,14.93,93000,9.03,14.12,0.0923,4300,1.3548387096774193,2214.285714285714,positive
Female,16,16.21,38,29,2,2,4,44.31,96.0,32.44,33.56,14.25,117000,10.31,15.76,0.01,5000,1.3103448275862069,2640.487474610697,positive
Female,23,14.32,40,32,2,4,6,46.31,98.0,29.11,31.771,15.3,138000,9.48,14.55,0.1,5100,1.25,2979.9179442884906,positive
Male,39,16.74,51,49,2,3,6,41.96,85.0,27.803,29.78,15.44,102100,8.0,13.21,0.2,4800,1.0408163265306123,2433.269780743565,positive
Female,17,12.217,48,30,6,5,6,45.72,83.0,29.01,31.34,16.78,278000,10.18,14.65,0.1,4200,1.6,6080.489938757655,negative
Male,28,15.61,42,35,5,6,7,47.0,100.0,31.71,32.0,16.0,196000,9.561,15.0,0.0307,5300,1.2,4170.212765957447,negative
Male,18,13.1,38,49,3,2,6,45.88,86.0,30.0,31.56,15.43,220000,9.67,13.56,0.02,6800,0.7755102040816326,4795.117698343504,negative
Female,25,14.56,51,38,2,2,5,43.0,82.0,28.57,29.139,14.62,98000,10.0,15.91,0.1,4500,1.3421052631578947,2279.0697674418607,positive
Female,34,16.0,40,49,4,5,7,47.09,87.0,29.01,30.13,15.89,190000,8.229,14.0,0.0108,5000,0.8163265306122449,4034.826927160756,negative
Male,29,15.25,33,50,4,3,6,46.71,95.0,30.16,31.78,16.04,265000,10.106,15.781,0.02,5500,0.66,5673.303361164632,negative
Male,47,14.67,39,48,4,3,5,45.63,90.0,29.01,30.15,15.77,177000,9.0,13.32,0.1,8000,0.8125,3879.026955950033,negative
Male,24,15.43,51,29,2,2,5,46.32,88.0,30.1,31.88,14.38,81000,8.142,15.99,0.1,6500,1.7586206896551724,1748.7046632124352,positive
Female,30,12.1,38,50,3,3,7,44.13,94.0,31.19,32.41,15.37,157000,10.14,14.66,0.2,5000,0.76,3557.6705189213685,negative
Male,22,14.282,34,44,3,2,6,46.28,91.0,29.07,30.38,15.22,177500,8.16,15.48,0.0281,4600,0.7727272727272727,3835.350043215212,negative
Male,51,15.43,40,50,3,4,6,43.63,94.0,30.0,31.279,14.39,161000,10.2,16.0,0.02,7000,0.8,3690.12147604859,negative
Female,19,14.3,51,32,2,2,5,47.0,97.0,31.22,32.49,15.78,155000,8.0,15.47,0.1,5100,1.59375,3297.872340425532,negative
Female,36,15.121,35,48,3,3,5,46.49,88.0,29.26,30.28,16.2,178000,10.4,15.0,0.2,7510,0.7291666666666666,3828.780382878038,negative
Male,20,14.0,40,41,2,2,5,45.33,94.0,28.13,29.68,16.32,161000,9.47,14.58,0.1,6100,0.975609756097561,3551.7317449812485,negative
Female,32,16.321,51,35,2,3,5,42.18,83.0,30.0,31.57,15.4,99500,8.0,13.0,0.058,4000,1.457142857142857,2358.9378852536747,positive
Female,28,14.0,41,48,4,5,6,48.0,89.0,30.27,31.44,14.33,205000,10.85,14.12,0.002,5000,0.8541666666666666,4270.833333333333,negative
Female,22,12.3,48,50,2,2,4,45.0,95.0,29.94,30.37,15.53,197000,10.0,15.0,0.2,6500,0.96,4377.777777777777,negative
Female,39,14.0,33,48,4,4,4,46.03,90.0,30.38,31.59,15.44,164000,9.33,13.112,0.1,5700,0.6875,3562.893764935912,negative
Male,21,13.44,51,30,3,4,5,47.03,95.0,31.33,32.2,14.23,80000,8.06,14.72,0.1,4400,1.7,1701.0418881564958,positive
Male,44,14.28,31,50,5,7,4,48.1,93.0,29.32,30.48,15.28,170000,10.4,15.0,0.2,5400,0.62,3534.303534303534,negative
Female,21,12.3,35,47,4,2,5,43.0,85.0,28.0,29.78,14.0,163000,10.0,14.47,0.004,4500,0.7446808510638298,3790.697674418605,negative
Male,53,14.0,40,46,2,3,5,46.0,89.0,29.11,30.69,15.59,183000,11.0,16.88,0.1,4800,0.8695652173913043,3978.2608695652175,negative
Female,30,15.22,38,47,3,2,4,44.24,88.0,29.74,30.92,14.43,160000,10.112,15.48,0.1,5000,0.8085106382978723,3616.636528028933,negative
Female,28,14.35,34,48,3,3,5,45.63,83.0,28.16,29.32,15.33,187000,9.213,14.62,0.0023,6500,0.7083333333333334,4098.181021257944,negative
Male,20,13.0,52,34,2,2,5,42.26,86.0,29.36,30.21,14.231,100000,10.39,15.0,0.2,6500,1.5294117647058822,2366.30383341221,positive
Female,39,12.42,44,50,3,3,5,46.31,90.0,30.15,31.44,15.46,159000,10.0,14.32,0.2,5500,0.88,3433.383718419348,negative
Female,36,13.3,45,48,3,2,4,45.22,87.0,31.11,32.42,14.38,161500,10.56,15.3,0.0102,4000,0.9375,3571.428571428572,negative
Female,34,14.34,39,40,2,2,4,46.0,83.0,28.1,29.31,14.0,171000,10.5,14.0,0.01,5500,0.975,3717.391304347826,negative
Female,25,15.0,45,29,3,5,6,44.36,87.0,29.42,30.55,15.43,162000,10.0,14.312,0.1,4500,1.5517241379310345,3651.938683498648,positive
Male,28,14.0,52,43,2,3,6,47.76,81.0,28.0,30.67,14.2,78000,8.04,13.74,0.002,4100,1.2093023255813953,1633.1658291457288,positive
Female,30,13.69,44,31,2,2,6,45.03,87.0,30.13,31.47,15.38,153000,9.34,12.29,0.1,4900,1.4193548387096775,3397.734843437708,negative
Male,25,14.36,31,44,2,5,4,46.44,95.0,31.78,32.58,14.36,178000,10.223,14.03,0.1,4800,0.7045454545454546,3832.902670111973,negative
Female,32,13.38,33,48,3,2,5,44.23,89.0,30.19,31.35,15.12,276000,11.0,14.0,0.2,7000,0.6875,6240.108523626498,negative
Male,38,14.32,49,30,2,2,5,45.62,90.0,28.01,29.4,15.41,141000,8.02,13.0,0.1,5600,1.6333333333333333,3090.749671196844,positive
Female,22,15.381,37,50,4,5,5,46.32,86.0,29.18,30.33,14.37,195000,10.921,15.07,0.1,6600,0.74,4209.844559585492,negative
Male,39,14.33,43,46,4,3,5,43.08,80.0,30.71,31.63,15.461,184000,10.12,16.32,0.2,6000,0.9347826086956522,4271.123491179202,negative
Male,47,15.0,45,34,2,2,4,44.01,83.0,28.1,29.43,14.21,87000,9.4,13.1,0.003,4500,1.3235294117647058,1976.8234492160875,positive
Female,50,13.23,44,48,4,5,5,46.12,90.0,29.91,31.44,15.36,196000,10.0,14.12,0.2,5500,0.9166666666666666,4249.78317432784,negative
Female,34,14.42,33,47,3,4,6,45.771,92.0,30.42,31.56,14.5,154000,10.19,15.93,0.2,4800,0.7021276595744681,3364.5758231194422,negative
Male,20,13.1,51,44,4,5,5,46.31,88.0,28.19,29.75,15.671,84000,9.02,14.3,0.1,5700,1.1590909090909092,1813.863096523429,positive
Female,32,14.2,46,29,2,3,4,47.0,97.0,30.14,31.5,14.0,105000,9.0,13.1,0.001,4600,1.5862068965517242,2234.0425531914893,positive
Male,24,15.0,36,50,3,4,5,45.38,84.0,28.91,29.5,15.81,176000,10.12,15.3,0.1,5400,0.72,3878.360511238431,negative
Female,48,14.0,40,48,4,3,6,44.32,98.0,29.16,30.46,15.91,167500,10.19,14.29,0.0128,5100,0.8333333333333334,3779.3321299638983,negative
Female,15,13.2,37,50,6,7,6,47.01,94.0,28.09,30.17,15.73,235000,9.92,15.83,0.1,4500,0.74,4998.936396511381,negative
Female,32,15.74,52,39,3,2,5,44.0,88.0,30.91,31.78,14.84,95000,10.0,14.97,0.001,4800,1.3333333333333333,2159.090909090909,positive
Female,27,16.34,34,48,3,4,6,45.901,90.0,29.51,30.14,16.04,175500,8.92,15.09,0.01,5000,0.7083333333333334,3823.4461122851353,negative
Male,35,14.71,30,41,2,2,4,46.0,92.0,30.15,31.73,15.94,200000,9.02,16.2,0.1,4500,0.7317073170731707,4347.826086956522,negative
Female,20,15.83,35,48,4,3,6,45.91,97.0,29.76,30.45,14.09,158000,10.0,14.64,0.1,5100,0.7291666666666666,3441.5160095839688,negative
Male,24,16.72,38,50,2,3,5,46.7,81.0,28.0,29.94,15.38,150000,10.43,15.0,0.1,5400,0.76,3211.9914346895075,negative
Female,27,14.0,52,38,2,2,6,44.0,96.0,30.13,31.813,16.83,144000,9.731,15.73,0.01,6500,1.368421052631579,3272.7272727272725,positive
Male,35,15.63,50,44,3,4,6,47.81,99.0,31.12,32.78,15.84,241000,10.0,16.21,0.02,6000,1.1363636363636365,5040.786446350136,negative
Female,55,16.21,44,48,4,3,7,48.41,95.0,31.88,32.66,15.4,191000,10.56,16.33,0.2,6600,0.9166666666666666,3945.465812848585,positive
Male,45,11.3,60,32,5,3,4,39.1,91.0,26.3,29.0,15.8,246000,7.5,12.5,0.185,6000,1.875,6291.56010230179,negative
Male,5,10.4,34,55,9,7,5,36.3,80.0,22.9,28.6,13.3,184300,8.3,14.3,0.141,14900,0.6181818181818182,5077.134986225896,negative
Male,35,14.2,60,29,4,3,5,43.71,83.0,28.98,30.45,12.37,70000,8.14,13.89,0.151,4200,2.0689655172413794,1601.464195836193,negative
Male,25,15.4,45,51,8,5,6,49.09,99.0,30.12,32.14,16.41,78000,10.07,15.03,0.139,6500,0.8823529411764706,1588.918313302098,positive
Female,41,11.4,51,34,5,3,5,45.93,90.0,29.01,30.51,12.01,81500,8.81,13.1,0.104,4400,1.5,1774.4393642499456,positive
Male,23,13.51,49,40,5,2,4,46.07,87.0,29.33,31.02,13.98,123000,9.08,12.66,0.1,4100,1.225,2669.850227914044,negative
Female,44,14.07,50,46,3,7,5,48.92,91.0,30.14,31.43,13.72,147000,10.11,14.61,0.169,4700,1.0869565217391304,3004.905968928864,negative
Male,61,14.83,47,37,3,2,5,47.28,96.0,30.74,32.59,21.33,113000,9.52,13.21,0.1,4300,1.2702702702702702,2390.016920473773,positive
Female,34,13.79,50,32,7,2,5,46.11,95.0,29.03,31.0,13.18,109000,10.46,13.49,0.196,4400,1.5625,2363.912383430926,negative
Female,50,11.7,43,30,5,2,5,44.09,89.0,28.27,29.0,13.36,72000,8.62,12.04,0.01,4600,1.4333333333333331,1633.0233613064186,positive
Male,34,14.67,48,41,4,6,4,46.33,83.0,27.13,28.09,12.73,84000,9.64,13.87,0.192,4300,1.170731707317073,1813.080077703432,negative
Female,12,14.62,41,40,3,9,4,46.83,81.0,30.14,31.89,13.01,96000,10.59,14.55,0.127,5050,1.025,2049.967969250481,positive
Male,31,15.14,52,50,3,4,6,44.99,98.0,31.01,32.31,14.42,117000,10.67,13.79,0.154,4700,1.04,2600.577906201378,negative
Female,61,15.29,49,39,3,2,4,45.04,91.0,29.41,30.63,14.96,127000,9.12,13.69,0.021,4500,1.2564102564102564,2819.715808170515,negative
Male,32,14.73,45,40,4,6,5,46.48,89.0,30.02,32.71,15.02,131000,8.51,13.0,0.21,4400,1.125,2818.4165232358005,positive
Male,16,15.85,47,49,5,6,6,50.0,97.0,31.0,32.0,15.91,240000,10.89,16.61,0.2,7000,0.9591836734693876,4800.0,negative
Female,37,13.91,50,43,7,4,5,41.02,80.0,29.09,30.17,13.21,79000,9.39,12.14,0.098,4000,1.162790697674419,1925.8898098488544,positive
Male,67,11.0,30,50,7,3,5,40.0,81.0,24.6,27.08,14.2,161000,10.32,17.0,0.2,13500,0.6,4025.0,negative
Male,38,15.5,35,50,6,5,6,49.05,94.0,30.18,31.0,16.84,230000,10.43,16.86,0.231,8000,0.7,4689.092762487258,negative
Female,21,13.23,49,36,6,3,4,45.09,85.0,29.01,30.0,14.71,78000,9.14,14.73,0.234,5300,1.3611111111111112,1729.8735861610112,negative
Male,56,11.78,41,54,4,2,5,47.91,88.0,27.9,28.14,14.41,85000,8.17,14.05,0.134,4200,0.7592592592592593,1774.1598831141723,negative
Female,24,13.303,45,37,6,2,4,45.26,94.0,30.9,31.48,14.39,134000,9.63,13.2,0.01,5500,1.2162162162162162,2960.671674768007,positive
Female,40,14.531,47,56,3,2,6,46.73,91.0,31.39,33.28,15.63,141000,10.226,15.431,0.1,5000,0.8392857142857143,3017.3336186603897,negative
Female,16,15.73,35,50,4,5,7,48.0,99.0,30.878,31.0,15.21,228000,10.21,16.229,0.1,5500,0.7,4750.0,negative
Female,23,16.652,51,45,6,2,6,45.74,94.0,31.73,32.65,14.53,93000,10.283,15.673,0.0039,6000,1.1333333333333333,2033.2313073895928,negative
Male,29,15.43,39,48,5,4,7,49.31,99.0,32.432,33.0,15.0,155000,9.432,15.279,0.01,6500,0.8125,3143.3786250253497,negative
Female,29,16.34,49,30,6,2,5,45.0,91.0,29.48,30.21,15.35,129000,10.342,14.432,0.1,7000,1.6333333333333333,2866.6666666666665,positive
Male,47,15.621,50,37,4,3,5,46.78,93.0,30.25,31.73,14.532,145000,10.29,15.39,0.037,6000,1.351351351351351,3099.615220179564,positive
Male,53,14.83,45,39,3,4,6,47.3,91.0,30.29,31.84,15.72,129000,9.549,16.341,0.1,5500,1.1538461538461535,2727.2727272727275,negative
Female,33,15.631,47,50,2,3,6,46.4,89.0,30.48,31.67,14.65,200000,10.1,15.856,0.002,8000,0.94,4310.344827586207,negative
Male,41,16.43,48,44,4,3,6,45.0,85.0,31.65,32.8,15.809,144000,10.04,15.92,0.1,6000,1.0909090909090908,3200.0,negative
Female,36,16.9,45,44,6,3,6,46.73,90.0,28.782,29.21,14.65,138000,10.101,14.0,0.1,4500,1.0227272727272727,2953.1350310293174,negative
Female,44,15.31,46,40,4,2,6,47.28,99.0,29.652,30.124,15.0,123000,10.12,16.0,0.0561,6700,1.15,2601.522842639594,negative
Female,21,16.775,34,50,5,2,6,46.0,94.0,28.45,30.82,15.45,84000,9.428,15.431,0.02,5550,0.68,1826.0869565217392,positive
Female,17,14.31,29,43,3,2,5,47.0,91.0,29.562,33.43,14.32,78000,10.31,15.0,0.1,4500,0.6744186046511628,1659.5744680851064,positive
Female,26,15.56,38,47,4,5,5,45.112,97.0,30.19,31.56,15.73,80500,11.0,14.65,0.108,5000,0.8085106382978723,1784.4475970916828,positive
Female,55,16.32,40,49,7,2,6,46.81,88.0,31.89,32.45,16.0,94000,10.87,15.78,0.002,3500,0.8163265306122449,2008.1179235206152,positive
Male,39,15.891,35,50,3,4,6,43.0,83.0,29.34,31.27,14.12,95500,9.14,16.56,0.2,4000,0.7,2220.93023255814,positive
Female,21,15.13,52,40,3,2,5,48.56,89.0,30.13,31.23,15.231,200000,10.5,15.32,0.01,4300,1.3,4118.616144975288,negative
Female,33,14.283,45,34,3,4,6,45.31,90.0,31.31,32.44,15.0,123500,11.21,15.0,0.1,5500,1.3235294117647058,2725.667623041272,negative
Female,50,13.201,46,50,7,5,6,46.67,95.0,30.19,31.86,16.31,100500,10.38,15.29,0.2313,5030,0.92,2153.417613027641,negative
Male,26,14.71,43,29,3,2,6,47.321,93.0,31.45,32.76,13.32,108000,9.424,14.21,0.1,5100,1.4827586206896552,2282.284820692716,negative
Male,57,15.32,47,38,3,4,5,48.0,88.0,28.547,29.88,15.0,145000,9.4,15.56,0.0204,5000,1.236842105263158,3020.833333333333,negative
Male,58,13.267,43,41,2,2,6,45.36,94.0,29.54,30.153,14.78,155000,9.231,15.04,0.02,6100,1.048780487804878,3417.1075837742505,negative
Female,14,16.022,35,50,4,2,4,46.13,87.0,30.16,31.65,15.67,198000,10.43,13.231,0.01,4300,0.7,4292.217645783655,negative
Male,11,14.32,29,48,6,4,5,45.672,90.0,32.45,33.67,14.78,164000,10.221,14.56,0.209,5000,0.6041666666666666,3590.821509896655,positive
Male,29,12.581,30,49,4,3,5,48.0,89.0,31.66,32.42,15.27,56000,9.88,15.32,0.1,6500,0.6122448979591837,1166.6666666666667,positive
Male,19,15.1,43,50,3,2,6,46.41,83.0,29.81,30.22,14.532,75500,10.13,15.86,0.036,3600,0.86,1626.8045679810386,positive
Male,32,12.338,38,50,4,5,7,44.82,99.0,30.0,32.21,15.05,88000,9.23,15.43,0.024,4500,0.76,1963.409192324855,positive
Female,42,15.451,52,30,5,2,4,47.61,88.0,31.73,32.59,15.49,98000,10.32,15.08,0.02,5000,1.7333333333333334,2058.3910943079186,negative
Female,17,13.0,49,37,2,5,5,45.673,94.0,29.54,30.18,14.321,91000,10.1,14.23,0.05,6500,1.3243243243243243,1992.4244082937405,positive
Female,46,14.32,43,30,3,2,5,46.81,98.0,30.105,32.0,15.67,97500,8.603,14.63,0.1,4300,1.4333333333333331,2082.8882717368083,positive
Female,20,12.894,53,38,3,4,6,47.0,87.0,29.0,30.04,14.63,100700,9.86,15.0,0.0421,4100,1.394736842105263,2142.553191489362,negative
Female,45,13.47,40,50,5,2,7,43.28,84.0,29.78,30.44,15.83,261000,10.0,16.0,0.1,7600,0.8,6030.499075785582,positive
Female,18,14.346,52,34,4,3,6,44.03,98.0,30.1,31.69,15.51,80000,8.813,14.475,0.1,5400,1.5294117647058822,1816.9429934135817,negative
Male,52,14.559,48,38,3,2,5,42.09,85.0,30.137,31.621,15.0,106800,10.042,15.272,0.0862,4500,1.263157894736842,2537.419814682822,negative
Female,36,15.249,44,30,2,3,4,47.83,86.0,30.45,31.49,15.328,124000,9.602,14.481,0.1,6550,1.4666666666666666,2592.5151578507216,positive
Male,44,13.231,46,37,4,3,6,44.3891,89.0,31.346,32.907,14.643,132000,10.386,15.229,0.00207,5000,1.2432432432432432,2973.703003665314,negative
Female,45,14.569,48,34,2,3,5,47.43,85.0,30.42,31.683,14.921,140000,10.05,14.403,0.0521,4500,1.411764705882353,2951.718321737297,negative
Male,21,12.892,49,35,3,2,5,48.231,87.0,30.219,32.118,15.045,115000,10.32,14.86,0.0309,5000,1.4,2384.358607534573,negative
Male,31,13.456,46,29,4,3,5,45.703,84.0,29.126,29.397,15.0,102000,9.657,12.2,0.0275,5500,1.5862068965517242,2231.800975865917,negative
Male,34,14.229,49,38,2,2,4,46.0,89.0,30.361,31.653,15.382,114000,10.03,16.303,0.2,6000,1.2894736842105263,2478.260869565217,negative
Male,34,12.574,46,32,6,3,5,47.0,90.0,31.293,32.294,15.02,145000,10.321,8.4,0.0194,6000,1.4375,3085.106382978724,negative
Female,34,16.782,34,50,5,4,7,48.342,90.0,32.429,33.382,14.0,131000,9.4,15.0,0.2,6000,0.68,2709.8589218484963,positive
Female,12,15.372,47,30,2,2,5,49.0,88.0,29.391,31.0,15.2,93000,10.02,16.455,0.1,4000,1.5666666666666669,1897.9591836734692,negative
Female,65,16.264,45,31,7,2,5,43.2,83.0,28.48,29.21,15.43,180000,10.232,15.532,0.32,4500,1.4516129032258065,4166.666666666666,negative
Female,26,14.739,48,39,4,3,5,47.94,88.0,29.74,30.37,14.32,114000,10.9,14.3,0.0376,5000,1.2307692307692308,2377.9724655819778,negative
Female,40,15.43,47,40,6,2,6,48.0,90.0,30.136,31.0,14.09,123000,10.402,15.0,0.034,6000,1.175,2562.5,negative
Female,28,16.832,49,36,4,2,5,44.323,97.0,29.13,31.23,15.63,145000,10.1,15.436,0.0832,6400,1.3611111111111112,3271.439207634862,negative
Male,18,13.303,45,37,2,2,4,45.26,94.0,30.9,31.48,14.39,134000,9.63,16.213,0.01,5500,1.2162162162162162,2960.671674768007,negative
Male,43,14.531,47,38,3,2,6,46.73,91.0,31.39,33.28,15.63,141000,10.226,15.431,0.09,5000,1.236842105263158,3017.3336186603897,negative
Female,20,15.73,35,50,4,5,7,48.0,99.0,30.878,31.0,15.21,80000,10.21,16.229,0.1,5500,0.7,1666.6666666666667,positive
Male,29,16.652,51,45,6,2,6,45.74,94.0,31.73,32.65,14.53,93000,10.283,15.673,0.0039,5000,1.1333333333333333,2033.2313073895928,negative
Male,70,15.43,39,48,5,4,7,49.31,99.0,32.432,33.0,15.0,155000,9.432,15.279,0.01,6500,0.8125,3143.3786250253497,positive
Female,40,16.34,49,30,4,4,5,45.0,91.0,29.48,30.21,15.35,129000,10.342,14.432,0.0873,5500,1.6333333333333333,2866.6666666666665,negative
Male,47,15.621,50,37,5,7,5,46.78,93.0,30.25,31.73,14.532,75000,10.29,15.39,0.037,6000,1.351351351351351,1603.249251817016,negative
Male,40,14.83,45,39,3,4,6,47.3,91.0,30.29,31.84,15.72,129000,9.549,16.341,0.1,5500,1.1538461538461535,2727.2727272727275,negative
Female,14,15.631,47,43,6,3,6,46.4,89.0,30.48,31.67,14.65,200000,11.0,15.856,0.002,8000,1.0930232558139534,4310.344827586207,negative
Female,31,16.43,48,44,4,3,6,45.0,85.0,31.65,32.8,15.809,144000,10.04,15.92,0.1,6000,1.0909090909090908,3200.0,negative
Female,29,16.9,45,44,4,3,6,46.73,90.0,28.782,29.21,14.65,138000,10.101,14.0,0.1,4500,1.0227272727272727,2953.1350310293174,negative
Female,34,15.31,46,40,4,2,6,47.28,99.0,29.652,30.124,15.0,123000,10.12,16.0,0.0561,5200,1.15,2601.522842639594,negative
Female,15,16.775,34,50,6,4,6,46.0,94.0,28.45,30.82,15.45,228000,9.428,15.431,0.02,5550,0.68,4956.521739130435,negative
Female,12,15.13,52,40,3,2,5,48.56,89.0,30.13,31.23,15.231,97000,10.5,15.32,0.01,6500,1.3,1997.5288303130144,negative
Female,15,14.283,45,34,3,4,6,45.31,90.0,31.31,32.44,15.0,99000,10.0,15.0,0.1,5500,1.3235294117647058,2184.948135069521,positive
Female,21,13.201,46,39,2,5,6,46.67,95.0,30.19,31.86,16.31,100000,10.38,15.29,0.1,4000,1.1794871794871795,2142.7040925648166,positive
Female,26,14.71,43,29,3,2,6,47.321,93.0,31.45,32.76,13.32,108000,9.424,14.21,0.1,5100,1.4827586206896552,2282.284820692716,positive
Female,57,15.32,47,38,3,4,5,48.0,88.0,28.547,29.88,15.0,79000,9.4,15.56,0.0204,4200,1.236842105263158,1645.8333333333333,positive
Female,21,16.022,35,50,4,2,4,46.13,87.0,30.16,31.65,15.67,198000,10.43,13.231,0.01,4300,0.7,4292.217645783655,positive
Female,11,14.32,29,48,2,4,5,45.672,90.0,32.45,33.67,14.78,164000,10.221,14.56,0.209,5000,0.6041666666666666,3590.821509896655,negative
Female,23,12.581,30,49,4,3,5,48.0,89.0,31.66,32.42,15.27,171000,9.88,15.32,0.1,6500,0.6122448979591837,3562.5,positive
Female,69,15.1,43,50,3,2,5,46.41,83.0,29.81,30.22,14.532,201000,10.13,15.86,0.036,8000,0.86,4330.963154492567,negative
Female,75,12.338,38,50,4,5,7,44.82,99.0,30.0,32.21,15.05,199000,9.23,15.43,0.024,5600,0.76,4439.9821508255245,positive
Male,28,15.451,52,30,2,2,4,47.61,88.0,31.73,32.59,15.49,87000,10.32,15.08,0.02,4500,1.7333333333333334,1827.3471959672336,negative
Female,18,13.0,49,37,2,5,5,45.673,94.0,29.54,30.18,14.321,91000,10.1,14.23,0.05,6500,1.3243243243243243,1992.4244082937405,negative
Female,46,14.32,43,30,6,2,5,46.81,98.0,30.105,32.0,15.67,97500,8.603,14.63,0.1,4300,1.4333333333333331,2082.8882717368083,positive
Female,18,12.894,53,38,3,4,6,47.0,87.0,29.0,30.04,14.63,100700,9.86,15.0,0.0421,4100,1.394736842105263,2142.553191489362,negative
Female,23,13.47,40,50,5,2,7,43.28,84.0,29.78,30.44,15.83,261000,10.0,16.0,0.1,7600,0.8,6030.499075785582,positive
Female,21,14.346,52,34,4,3,6,44.03,98.0,30.1,31.69,15.51,80000,8.813,14.475,0.1,5400,1.5294117647058822,1816.9429934135817,negative
Male,67,15.43,42,31,7,3,5,42.0,84.0,31.67,32.44,14.93,93000,9.03,14.12,0.0923,4300,1.3548387096774193,2214.285714285714,negative
Male,66,14.32,40,32,7,4,6,46.31,98.0,29.11,31.771,15.3,138000,9.48,14.55,0.1,5100,1.25,2979.9179442884906,negative
Female,39,16.74,51,49,5,3,6,41.96,85.0,27.803,29.78,15.44,102100,8.0,13.21,0.2,6000,1.0408163265306123,2433.269780743565,negative
Male,20,12.217,48,30,6,5,6,45.72,83.0,29.01,31.34,16.78,278000,10.18,14.65,0.1,4200,1.6,6080.489938757655,positive
Female,30,15.61,42,35,5,6,7,47.0,100.0,31.71,32.0,16.0,196000,9.561,15.0,0.0307,4000,1.2,4170.212765957447,positive
Female,42,13.1,38,49,3,2,6,45.88,86.0,33.0,31.56,15.43,220000,9.67,13.56,0.02,5000,0.7755102040816326,4795.117698343504,negative
Male,27,14.56,51,38,8,4,5,43.0,82.0,28.57,29.139,14.62,98000,10.0,15.91,0.1,4500,1.3421052631578947,2279.0697674418607,positive
Male,32,16.0,40,49,4,5,7,47.09,87.0,29.01,30.13,15.89,190000,8.229,16.44,0.0108,5000,0.8163265306122449,4034.826927160756,negative
Female,20,15.25,33,50,4,3,6,46.71,95.0,30.16,31.78,16.04,265000,10.106,15.781,0.0032,5500,0.66,5673.303361164632,negative
Female,22,14.67,39,48,4,3,5,45.63,90.0,29.01,30.15,15.77,76000,9.0,13.32,0.1,8000,0.8125,1665.570896340127,positive
Female,34,15.43,51,29,6,4,5,46.32,88.0,30.1,31.88,14.38,81000,8.142,15.99,0.1,6500,1.7586206896551724,1748.7046632124352,positive
Male,30,12.1,38,50,5,3,7,44.13,94.0,31.19,32.41,15.37,90000,10.14,14.66,0.2,5000,0.76,2039.4289598912303,positive
Female,22,14.282,34,44,6,2,6,46.28,91.0,29.07,30.38,15.22,177500,8.16,15.48,0.0281,4600,0.7727272727272727,3835.350043215212,negative
Female,34,15.43,40,50,5,4,6,43.63,94.0,30.0,31.279,14.39,99000,10.2,16.0,0.02,5500,0.8,2269.080907632363,positive
Female,33,14.3,51,32,2,2,5,47.0,97.0,31.22,32.49,15.78,155000,8.0,15.47,0.1,5100,1.59375,3297.872340425532,negative
Female,10,15.121,35,48,3,3,5,46.49,88.0,29.26,30.28,16.2,178000,10.4,15.0,0.2,7510,0.7291666666666666,3828.780382878038,negative
Female,20,14.0,40,41,2,2,5,45.33,94.0,28.13,29.68,16.32,161000,9.47,14.58,0.0098,5500,0.975609756097561,3551.7317449812485,negative
Male,32,16.321,51,35,6,3,5,42.18,83.0,30.0,31.57,15.4,99500,8.0,13.0,0.058,4000,1.457142857142857,2358.9378852536747,negative
Male,28,14.0,41,48,6,5,6,48.0,89.0,30.27,31.44,14.33,205000,10.85,14.12,0.002,5000,0.8541666666666666,4270.833333333333,negative
Female,37,12.3,48,50,6,2,4,45.0,95.0,29.94,30.37,15.53,197000,10.0,15.0,0.2,6500,0.96,4377.777777777777,negative
Female,36,14.0,33,48,4,4,4,46.03,90.0,30.38,31.59,15.44,164000,9.33,13.112,0.1,5700,0.6875,3562.893764935912,negative
Female,67,13.44,51,30,3,4,5,47.03,95.0,31.33,32.2,14.23,80000,8.06,14.72,0.1,4400,1.7,1701.0418881564958,positive
Female,33,14.28,31,50,5,7,4,48.1,93.0,29.32,30.48,15.28,170000,10.4,15.0,0.2,5400,0.62,3534.303534303534,negative
Male,28,12.3,35,47,4,2,5,43.0,85.0,28.0,29.78,14.0,163000,10.0,14.47,0.004,5600,0.7446808510638298,3790.697674418605,negative
Female,40,14.0,40,46,8,3,5,46.0,89.0,29.11,30.69,15.59,183000,11.0,16.88,0.212,4800,0.8695652173913043,3978.2608695652175,negative
Male,22,15.22,38,47,3,2,4,44.24,88.0,29.74,30.92,14.43,78000,10.112,15.48,0.1,5000,0.8085106382978723,1763.110307414105,positive
Male,39,14.35,34,48,3,3,5,45.63,83.0,28.16,29.32,15.33,89000,9.213,14.62,0.0023,5000,0.7083333333333334,1950.471181240412,negative
Female,25,13.0,52,34,5,3,5,42.26,86.0,29.36,30.21,14.231,100000,10.39,15.0,0.2,6500,1.5294117647058822,2366.30383341221,positive
Male,16,12.42,44,50,3,3,5,46.31,90.0,30.15,31.44,15.46,159000,10.0,14.32,0.2,5500,0.88,3433.383718419348,negative
Male,56,13.3,45,48,3,2,4,45.22,87.0,31.11,32.42,14.38,161500,10.56,15.3,0.0102,4000,0.9375,3571.428571428572,negative
Male,23,14.34,39,40,2,2,4,46.0,83.0,28.1,29.31,14.0,171000,10.5,14.0,0.01,5500,0.975,3717.391304347826,negative
Female,26,14.0,52,43,6,3,6,47.76,81.0,28.0,30.67,14.2,78000,8.04,13.74,0.002,4100,1.2093023255813953,1633.1658291457288,negative
Female,30,13.69,44,31,5,2,6,45.03,87.0,30.13,31.47,15.38,153000,9.34,12.29,0.1,4900,1.4193548387096775,3397.734843437708,negative
Female,25,14.36,31,44,7,5,4,46.44,95.0,31.78,32.58,14.36,178000,10.223,14.03,0.1,4800,0.7045454545454546,3832.902670111973,negative
Female,16,13.38,33,48,3,2,5,44.23,89.0,30.19,31.35,15.12,276000,11.0,14.0,0.2,7000,0.6875,6240.108523626498,negative
Female,26,14.32,49,30,7,2,5,45.62,90.0,28.01,29.4,15.41,141000,8.02,13.0,0.1,5600,1.6333333333333333,3090.749671196844,negative
Female,17,14.33,43,46,4,3,5,43.08,80.0,30.71,31.63,15.461,184000,10.12,16.32,0.2,6000,0.9347826086956522,4271.123491179202,negative
Female,29,15.0,45,34,6,4,4,44.01,83.0,28.1,29.43,14.21,87000,9.4,13.1,0.003,4500,1.3235294117647058,1976.8234492160875,positive
Male,47,13.23,44,48,7,5,5,46.12,90.0,29.91,31.44,15.36,79000,10.0,14.12,0.2,5500,0.9166666666666666,1712.9228100607113,positive
Male,20,14.42,33,47,7,4,6,45.771,92.0,30.42,31.56,14.5,154000,10.19,15.93,0.2,4800,0.7021276595744681,3364.5758231194422,positive
Female,14,14.2,46,29,6,3,4,47.0,97.0,30.14,31.5,14.0,105000,9.0,13.1,0.001,4600,1.5862068965517242,2234.0425531914893,negative
Female,45,15.0,36,50,6,4,5,45.38,84.0,28.91,29.5,15.81,176000,10.12,15.3,0.1,5400,0.72,3878.360511238431,positive
Female,23,14.0,40,48,4,3,6,44.32,98.0,29.16,30.46,15.91,98000,10.19,14.29,0.0128,4600,0.8333333333333334,2211.191335740072,positive
Female,56,13.2,37,50,6,7,6,47.01,94.0,28.09,30.17,15.73,235000,9.92,15.83,0.0043,5400,0.74,4998.936396511381,positive
Male,20,15.74,52,39,3,2,5,44.0,88.0,30.91,31.78,14.84,95000,10.0,14.97,0.001,4800,1.3333333333333333,2159.090909090909,negative
Female,44,16.34,34,48,3,4,6,45.901,90.0,29.51,30.14,16.04,89500,8.92,15.09,0.01,5050,0.7083333333333334,1949.8485871767496,positive
Female,78,14.71,30,41,6,2,4,46.0,92.0,30.15,31.73,15.94,200000,9.02,16.2,0.1,4500,0.7317073170731707,4347.826086956522,negative
Male,19,15.83,35,48,4,3,6,45.91,97.0,29.76,30.45,14.09,158000,10.0,14.64,0.0034,5100,0.7291666666666666,3441.5160095839688,negative
Female,30,16.72,38,50,6,3,5,46.7,81.0,28.0,29.94,15.38,68000,10.43,15.0,0.0608,5400,0.76,1456.10278372591,positive
Male,27,14.0,52,38,2,2,6,44.0,96.0,30.13,31.813,16.83,144000,9.731,15.73,0.01,5050,1.368421052631579,3272.7272727272725,positive
Female,29,15.63,50,44,6,4,6,47.81,99.0,31.12,32.78,15.84,241000,10.0,16.21,0.02,3500,1.1363636363636365,5040.786446350136,negative
Male,21,16.21,44,48,4,3,7,48.41,95.0,31.88,32.66,15.4,88050,10.56,16.33,0.2,6600,0.9166666666666666,1818.8390828341253,positive
Female,53,14.48,42,41,3,2,5,43.44,97.0,29.28,30.62,13.78,100000,10.03,14.98,0.159,4500,1.024390243902439,2302.0257826887664,negative
Female,41,11.3,60,32,5,3,4,39.1,91.0,26.3,29.0,15.8,246000,11.235,12.5,0.185,6000,1.875,6291.56010230179,negative
Male,8,10.4,34,55,9,7,5,36.3,80.0,22.9,28.6,13.3,184300,8.3,14.3,0.141,14900,0.6181818181818182,5077.134986225896,negative
Female,27,14.2,60,29,4,3,5,43.71,83.0,28.98,30.45,12.37,89000,8.14,13.89,0.151,5000,2.0689655172413794,2036.1473347060169,positive
Male,16,12.31,55,35,8,2,5,45.42,90.0,30.0,28.36,14.09,84000,9.04,13.64,0.101,4500,1.5714285714285714,1849.4055482166443,negative
Female,39,15.4,45,51,8,5,6,49.09,99.0,30.12,32.14,16.41,105000,10.07,15.03,0.9092,5000,0.8823529411764706,2138.928498675901,negative
Male,21,11.4,51,34,5,3,5,45.93,90.0,29.01,30.51,12.01,99500,8.81,13.1,0.104,4400,1.5,2166.3400827345963,negative
Female,48,13.51,49,40,5,2,4,46.07,87.0,29.33,31.02,13.98,123000,9.08,12.66,0.1,5000,1.225,2669.850227914044,negative
Male,24,14.07,50,46,8,7,5,48.92,91.0,30.14,31.43,13.72,147000,10.11,14.61,0.169,4700,1.0869565217391304,3004.905968928864,negative
Female,69,14.83,47,37,3,2,5,47.28,96.0,30.74,32.59,16.0,113000,9.52,13.21,0.007,5500,1.2702702702702702,2390.016920473773,negative
Male,28,13.79,50,32,7,2,5,46.11,95.0,29.03,31.0,13.18,109000,10.46,13.49,0.196,5050,1.5625,2363.912383430926,positive
Male,51,11.7,43,30,5,2,5,44.09,89.0,28.27,29.0,13.36,72000,8.62,12.04,0.01,4600,1.4333333333333331,1633.0233613064186,positive
Female,22,14.67,48,41,8,6,4,46.33,83.0,27.13,28.09,12.73,84000,9.64,13.87,0.192,4300,1.170731707317073,1813.080077703432,negative
Male,18,14.62,41,40,3,2,4,46.83,81.0,30.14,31.89,13.01,96000,10.59,14.55,0.127,5050,1.025,2049.967969250481,negative
Female,76,15.14,52,50,8,4,6,44.99,98.0,31.01,32.31,14.42,117000,10.67,13.79,0.154,4700,1.04,2600.577906201378,positive
Male,38,15.29,49,39,5,2,4,45.04,91.0,29.41,30.63,14.96,127000,9.12,13.69,0.021,5000,1.2564102564102564,2819.715808170515,positive
Female,32,14.73,45,40,4,6,5,46.48,89.0,30.02,32.71,15.02,131000,8.51,13.0,0.21,4400,1.125,2818.4165232358005,negative
Female,20,15.85,47,49,5,6,6,50.0,97.0,31.0,32.0,15.91,240000,10.89,16.61,0.2,7000,0.9591836734693876,4800.0,negative
Male,30,13.91,50,43,7,4,5,41.02,80.0,29.09,30.17,13.21,80900,9.39,12.14,0.098,4000,1.162790697674419,1972.2086786933205,positive
Female,69,11.0,30,50,7,3,5,40.0,81.0,24.6,27.08,14.2,161000,10.32,17.0,0.2,13500,0.6,4025.0,negative
Female,38,15.5,35,50,6,5,6,49.05,94.0,30.18,31.0,16.84,230000,10.43,16.86,0.231,8000,0.7,4689.092762487258,positive
Male,30,13.23,49,36,6,3,4,45.09,85.0,29.01,30.0,14.71,89000,9.14,14.73,0.002,5300,1.3611111111111112,1973.8301175426925,negative
Female,56,11.78,41,54,6,1,5,47.91,88.0,27.9,28.14,14.41,85000,8.17,14.05,0.003,4200,0.7592592592592593,1774.1598831141723,positive
Male,30,16.3,41,48,3,2,5,50.1,93.5,31.3,32.7,13.5,98300,10.4,16.4,0.009,3900,0.8541666666666666,1962.075848303393,positive
Male,45,12.3,46,49,5,5,5,48.09,90.0,30.5,30.5,14.7,167000,8.1,17.1,0.11,4000,0.9387755102040816,3472.6554377209395,negative
Female,35,16.1,45,46,6,4,5,50.53,91.0,29.12,29.2,15.2,79005,10.52,12.34,0.15,5050,0.9782608695652174,1563.5266178507816,positive
Female,60,13.5,50,44,6,2,5,47.0,89.0,28.3,29.8,11.1,90000,10.1,14.6,0.002,4600,1.1363636363636365,1914.893617021277,negative
Male,40,12.4,43,42,3,4,4,39.0,84.0,27.9,29.13,12.3,92000,10.3,13.6,0.183,4700,1.0238095238095235,2358.974358974359,positive
Male,21,13.4,42,40,3,3,4,40.2,88.0,28.31,31.4,13.2,90000,8.9,13.6,0.111,4200,1.05,2238.8059701492534,positive
Male,30,14.7,45,48,7,5,5,44.5,93.0,30.45,33.61,13.8,177000,10.23,16.1,0.141,5500,0.9375,3977.52808988764,negative
Male,44,14.1,42,45,6,4,4,45.0,85.0,31.0,32.35,14.15,97000,10.0,17.6,0.17,6000,0.9333333333333332,2155.555555555556,negative
Male,55,15.7,45,49,3,5,6,49.0,91.0,30.0,32.78,15.6,105000,10.8,15.8,0.14,5000,0.9183673469387756,2142.8571428571427,negative
Male,12,11.9,50,41,8,3,4,38.64,97.0,27.08,29.8,12.0,220002,11.1,14.39,0.133,6000,1.2195121951219512,5693.633540372671,negative
Male,45,15.4,44,46,5,4,5,44.5,86.0,31.04,32.13,14.0,160000,10.37,16.7,0.00038,5050,0.9565217391304348,3595.505617977528,negative
Female,30,14.5,47,49,5,5,5,41.06,90.0,28.44,29.7,13.4,159000,10.2,14.5,0.15,4800,0.9591836734693876,3872.3818801753528,negative
Female,69,16.67,47,48,3,4,6,51.15,99.0,30.65,31.7,14.54,170000,10.71,16.21,0.1,5400,0.9791666666666666,3323.55816226784,negative
Female,76,15.9,44,47,4,5,6,49.5,86.0,29.9,30.6,15.0,160000,10.44,17.12,0.16,5700,0.9361702127659576,3232.3232323232323,negative
Female,38,17.4,45,41,2,2,5,46.17,91.0,30.17,31.84,14.3,132000,10.23,15.32,0.162,4400,1.0975609756097562,2858.99935022742,positive
Female,44,16.3,49,42,3,2,5,45.55,85.0,28.3,29.43,12.14,100060,9.8,14.1,0.192,4500,1.1666666666666667,2196.706915477497,positive
Female,53,15.439,43,46,3,4,5,47.7,95.0,29.5,30.67,13.8,98000,10.4,16.2,0.2,6500,0.9347826086956522,2054.507337526205,negative
Female,29,15.7,42,48,4,5,5,49.62,99.0,31.1,32.78,14.57,187000,10.2,15.7,0.16,5000,0.875,3768.641676743249,negative
Female,20,16.86,45,46,3,3,5,45.67,94.0,30.0,31.43,15.4,171000,10.1,16.13,0.2,7000,0.9782608695652174,3744.252244361725,negative
Male,36,12.35,44,41,2,3,4,40.12,89.0,28.96,29.08,12.2,132000,8.8,13.5,0.13,4400,1.0731707317073171,3290.1296111665006,positive
Female,34,13.3,43,41,2,2,5,45.5,96.0,28.15,29.88,11.9,120000,9.5,15.6,0.151,4100,1.048780487804878,2637.362637362637,positive
Female,22,14.6,48,44,2,3,5,44.4,94.0,28.5,29.64,13.88,142000,10.5,14.87,0.139,4600,1.0909090909090908,3198.1981981981985,positive
Female,29,15.3,43,47,3,4,5,48.5,97.0,30.1,31.67,15.22,194000,10.4,17.44,0.2,5700,0.9148936170212766,4000.0,negative
Female,30,14.3,47,41,2,3,5,44.6,96.0,28.8,29.56,12.6,83000,10.2,14.7,0.176,4300,1.146341463414634,1860.9865470852017,positive
Female,21,14.76,44,42,2,2,5,43.4,92.0,28.33,29.91,13.6,95000,10.1,14.34,0.145,4700,1.0476190476190477,2188.9400921658985,positive
Female,34,14.32,43,40,2,3,5,44.5,98.0,28.21,29.53,12.44,91000,10.1,14.56,0.16,4200,1.075,2044.943820224719,positive
Male,15,13.23,43,42,2,2,4,41.33,85.0,29.11,30.26,12.61,88000,10.3,14.15,0.13,4500,1.0238095238095235,2129.2039680619405,negative
Male,23,14.13,45,43,7,3,5,43.56,88.0,29.47,30.98,12.78,111000,10.22,14.08,0.119,4700,1.0465116279069768,2548.2093663911846,negative
Female,22,15.26,48,41,8,2,5,45.15,90.0,29.67,31.45,13.5,89900,10.1,15.34,0.163,4900,1.170731707317073,1991.140642303433,negative
Female,54,16.44,45,49,8,4,6,50.38,98.0,30.12,32.48,14.83,100000,10.1,16.35,0.136,6000,0.9183673469387756,1984.914648670107,positive
Male,45,14.32,43,41,3,2,5,46.75,89.0,29.46,30.55,13.18,105000,9.51,14.52,0.114,4200,1.048780487804878,2245.9893048128342,positive
Female,19,16.24,45,47,4,5,6,48.95,94.0,30.29,31.66,15.61,160000,10.32,15.25,0.2,6500,0.9574468085106383,3268.641470888662,negative
Female,20,14.63,46,41,2,3,5,47.22,83.0,28.55,29.34,14.62,91000,10.18,14.11,0.1,5500,1.1219512195121952,1927.149512918255,positive
Female,20,14.28,44,42,3,2,5,49.15,88.0,28.84,29.43,16.32,141000,10.22,14.52,0.139,4700,1.0476190476190477,2868.769074262462,positive
Female,21,15.11,48,44,3,4,5,46.44,82.0,29.46,30.81,13.88,90000,10.28,14.72,0.1,4600,1.0909090909090908,1937.984496124031,positive
Female,28,15.41,41,45,4,5,6,48.63,94.0,30.26,32.56,15.53,182000,10.32,16.12,0.2,7500,0.9111111111111112,3742.5457536500094,negative
Female,30,14.64,48,42,3,4,5,45.38,80.0,29.09,30.47,14.45,130000,10.11,15.23,0.1,4400,1.1428571428571428,2864.698104892023,positive
Female,70,14.82,48,46,4,2,5,46.36,88.0,28.38,29.48,15.54,144000,10.1,14.79,0.122,5000,1.0434782608695652,3106.125970664366,positive
Male,40,15.12,45,41,3,2,4,44.61,87.0,29.59,30.82,15.88,82000,10.1,14.82,0.174,5500,1.0975609756097562,1838.1528805200628,positive
Male,35,14.77,48,47,3,4,5,46.28,84.0,28.44,29.31,14.78,99000,10.17,15.54,0.192,4900,1.0212765957446808,2139.152981849611,positive
Female,32,15.84,43,48,3,5,6,48.73,91.0,30.59,31.73,15.47,192000,10.15,16.81,0.2,6700,0.8958333333333334,3940.0779807100353,negative
Female,34,15.26,45,47,4,3,6,49.93,98.0,31.73,32.48,16.23,186000,10.24,16.33,0.2,6300,0.9574468085106383,3725.215301421991,negative
Female,21,16.56,46,49,4,4,6,48.54,93.0,30.44,31.64,15.22,171000,10.52,16.14,0.2,7100,0.9387755102040816,3522.867737948084,negative
Female,18,14.86,45,41,3,2,4,43.67,82.0,28.7,29.45,14.55,72000,10.1,15.25,0.127,4000,1.0975609756097562,1648.7291046485,positive
Female,70,15.96,42,48,4,5,6,49.38,88.0,30.53,32.41,15.81,162000,10.2,15.63,0.2,6300,0.875,3280.6804374240583,negative
Female,29,14.471,48,45,3,2,5,45.62,85.0,29.43,30.26,14.63,88000,10.19,14.34,0.132,5000,1.0666666666666669,1928.9785181937748,positive
Male,32,16.21,44,48,4,3,7,48.41,95.0,31.88,32.66,15.4,191000,10.56,16.33,0.2,6600,0.9166666666666666,3945.465812848585,negative
Female,60,14.48,42,41,3,2,5,43.44,97.0,29.28,30.62,13.78,81000,10.03,14.98,0.159,4500,1.024390243902439,1864.6408839779008,positive
Male,16,11.3,60,32,5,3,4,39.1,91.0,26.3,29.0,15.8,246000,7.5,12.5,0.185,6000,1.875,6291.56010230179,negative
Female,67,10.4,34,55,9,2,5,36.3,80.0,22.9,28.6,13.3,170000,8.3,14.3,0.141,14900,0.6181818181818182,4683.195592286502,negative
Female,72,14.2,60,29,4,3,5,43.71,83.0,28.98,30.45,12.37,70000,8.14,13.89,0.151,4200,2.0689655172413794,1601.464195836193,positive
Male,20,12.31,55,35,2,2,5,45.42,90.0,27.77,28.36,14.09,84000,9.04,13.64,0.101,4500,1.5714285714285714,1849.4055482166443,positive
Male,18,15.4,45,49,4,5,6,49.09,99.0,30.12,32.14,16.41,194000,10.07,15.03,0.139,6500,0.9183673469387756,3951.925035648808,negative
Male,39,11.4,51,34,7,3,5,45.93,90.0,29.01,30.51,12.01,81500,8.81,13.1,0.104,4400,1.5,1774.4393642499456,negative
Female,56,13.51,49,40,4,2,4,46.07,87.0,29.33,31.02,13.98,123000,9.08,12.66,0.1,4100,1.225,2669.850227914044,negative
Female,31,14.07,50,46,6,2,5,48.92,91.0,30.14,31.43,13.72,147000,10.11,14.61,0.169,5050,1.0869565217391304,3004.905968928864,negative
Female,40,14.83,47,37,6,5,5,47.28,96.0,30.74,32.59,14.73,81000,9.52,13.21,0.604,4300,1.2702702702702702,1713.197969543147,positive
Female,24,13.79,50,32,5,2,5,46.11,95.0,29.03,30.0,13.18,109000,10.46,13.49,0.196,4400,1.5625,2363.912383430926,positive
Male,38,11.7,43,30,2,2,5,44.09,89.0,28.27,29.0,13.36,72000,8.62,12.04,0.01,4600,1.4333333333333331,1633.0233613064186,positive
Female,30,14.67,48,41,2,2,4,46.33,83.0,27.13,28.09,12.73,84000,9.64,13.87,0.192,4300,1.170731707317073,1813.080077703432,positive
Female,22,14.62,41,40,3,2,4,46.83,81.0,30.14,31.89,13.01,89000,10.59,14.55,0.1,4500,1.025,1900.4911381593,positive
Female,16,15.14,52,42,7,4,6,44.99,98.0,31.01,32.31,14.42,117000,10.67,13.79,0.154,4700,1.238095238095238,2600.577906201378,positive
Female,38,15.29,49,39,3,2,4,45.04,91.0,29.41,30.63,14.96,127000,9.12,13.69,0.1,4500,1.2564102564102564,2819.715808170515,positive
Female,28,14.73,45,40,4,2,5,46.48,89.0,30.02,32.71,15.02,131000,8.51,13.0,0.023,5050,1.125,2818.4165232358005,negative
Female,31,15.85,47,49,5,6,6,50.0,97.0,31.0,32.0,15.91,240000,10.89,16.61,0.2,7000,0.9591836734693876,4800.0,positive
Female,13,13.91,50,43,6,4,5,41.02,80.0,29.09,30.17,13.21,79000,9.39,12.14,0.098,4000,1.162790697674419,1925.8898098488544,positive
Female,10,11.0,30,50,7,3,5,40.0,81.0,24.6,27.08,14.2,161000,10.32,15.3,0.2,13500,0.6,4025.0,negative
Male,22,15.5,49,50,5,3,6,49.05,94.0,30.18,31.0,16.84,140000,10.43,16.86,0.231,5050,0.98,2854.2303771661573,negative
Male,45,13.23,49,36,6,4,4,45.09,85.0,29.01,30.0,14.71,91500,9.14,14.73,0.1123,5050,1.3611111111111112,2029.2747837658017,negative
Male,29,11.78,41,34,3,2,5,47.91,84.0,27.9,28.14,14.41,103030,8.17,14.05,0.134,4200,1.2058823529411764,2150.490503026508,positive
Male,21,12.34,45,39,3,3,5,43.76,98.0,29.98,30.35,14.71,82000,8.98,14.78,0.051,4500,1.1538461538461535,1873.857404021938,positive
Male,11,13.19,50,41,7,4,5,46.66,89.0,30.18,31.43,15.05,90000,9.91,14.07,0.1,4300,1.2195121951219512,1928.8469781397343,positive
Male,68,14.53,46,38,8,2,4,45.13,84.0,30.81,32.09,14.99,129000,10.01,15.4,0.1,4500,1.2105263157894737,2858.4090405495235,positive
Male,38,15.9,34,49,7,5,6,49.93,98.0,31.55,32.94,15.45,194000,10.76,16.4,0.00309,5000,0.6938775510204082,3885.439615461647,negative
Male,34,13.93,50,41,5,3,5,44.02,81.0,29.0,35.0,14.22,100500,8.81,13.18,0.768,4000,1.2195121951219512,2283.053157655611,negative
Female,20,15.99,48,32,3,2,4,48.09,83.0,30.17,32.77,14.63,136000,9.54,14.85,2e-05,5000,1.5,2828.0307756290285,negative
Male,26,14.32,42,29,3,2,4,41.0,88.0,27.94,28.98,14.84,90000,9.43,15.63,0.1,4300,1.4482758620689655,2195.121951219512,negative
Female,44,14.58,51,30,6,3,5,46.94,81.0,30.83,31.29,14.76,95000,10.13,15.43,0.1,4500,1.7,2023.860247123988,negative
Female,32,15.35,45,34,9,4,5,47.36,84.0,29.55,30.27,14.95,146000,10.63,14.73,0.178,4800,1.3235294117647058,3082.7702702702704,positive
Female,43,16.64,50,39,4,4,6,49.84,99.0,31.93,32.98,15.97,107000,8.41,15.03,0.133,7000,1.2820512820512822,2146.8699839486358,negative
Female,72,15.43,48,31,3,2,4,44.82,83.0,29.66,30.31,15.04,78000,9.93,14.64,0.149,4800,1.5483870967741935,1740.2945113788487,positive
Male,31,14.78,47,43,4,3,4,45.46,86.0,30.19,31.86,15.89,110000,10.17,15.83,0.199,6500,1.0930232558139534,2419.7096348438185,positive
Female,59,15.62,50,45,2,2,6,46.87,90.0,31.98,32.76,16.81,125000,9.55,16.87,0.121,6500,1.1111111111111112,2666.951141455089,positive
Female,16,16.85,30,50,4,5,7,50.0,94.0,30.86,31.97,15.66,250000,10.87,16.45,0.234,8000,0.6,5000.0,negative
Male,24,14.98,49,30,3,2,5,44.0,93.0,29.39,30.65,14.76,119000,10.08,15.43,0.003,4900,1.6333333333333333,2704.5454545454545,positive
Female,31,15.49,48,40,4,2,6,46.08,99.0,30.47,31.99,15.69,131000,10.62,14.38,0.097,4750,1.2,2842.8819444444443,positive
Male,67,16.83,52,49,5,3,7,47.09,95.0,30.76,31.85,15.94,147000,9.02,14.61,0.082,6500,1.0612244897959184,3121.68188575069,negative
Female,28,13.3,49,48,4,2,4,51.23,84.7,33.6,33.4,14.4,125111,8.25,16.74,0.11,5437,1.0208333333333333,2442.143275424556,positive
Female,29,16.1,43,45,3,4,4,41.96,95.6,28.0,35.0,14.1,286525,10.71,14.11,0.135,4370,0.9555555555555556,6828.527168732126,positive
Female,27,14.6,49,44,4,3,4,44.45,92.2,32.0,31.2,12.2,286753,10.72,14.1,0.125,4408,1.1136363636363635,6451.136107986501,positive
Male,25,13.6,40,49,3,4,5,47.4,99.4,30.2,33.1,12.3,119491,10.09,17.74,0.192,5406,0.8163265306122449,2520.9071729957805,positive
Female,41,13.7,48,45,3,3,5,40.27,87.5,28.1,32.3,13.7,129336,10.78,17.77,0.185,5901,1.0666666666666669,3211.7208840327785,positive
Female,45,11.5,43,48,2,4,4,44.81,93.6,32.2,30.2,13.3,96905,10.43,17.95,0.158,5470,0.8958333333333334,2162.575318009373,positive
Female,58,13.3,46,46,2,2,4,48.34,81.3,30.4,30.1,11.6,110273,10.49,17.04,0.152,4616,1.0,2281.1956971452214,positive
Female,53,15.4,42,49,2,2,4,50.14,87.9,31.3,30.6,12.2,205191,9.71,13.94,0.193,4070,0.8571428571428571,4092.361388113283,positive
Female,54,17.3,49,49,3,4,5,46.77,99.3,28.6,33.2,14.6,195936,8.92,14.06,0.193,4083,1.0,4189.352148813342,positive
Male,38,16.6,42,48,4,4,4,47.37,90.8,29.9,32.8,13.8,237306,8.65,14.7,0.197,6256,0.875,5009.626345788474,positive
Male,25,11.6,47,43,3,3,5,39.77,85.8,30.9,32.8,14.9,289957,8.98,14.59,0.113,4258,1.0930232558139534,7290.847372391249,positive
Female,26,16.9,47,41,2,4,5,51.24,82.4,29.2,30.2,14.1,146538,9.89,17.78,0.116,5325,1.146341463414634,2859.83606557377,negative
Female,64,16.2,40,47,2,4,5,39.86,94.1,27.6,32.3,14.8,184570,8.52,16.95,0.168,4931,0.851063829787234,4630.456598093327,positive
Female,32,16.2,49,43,4,3,4,48.85,92.9,33.7,34.6,11.9,243645,8.78,16.62,0.154,6329,1.1395348837209305,4987.615148413511,negative
Male,65,14.2,41,48,2,3,5,41.71,87.5,30.1,32.0,14.1,173339,9.4,13.93,0.102,4393,0.8541666666666666,4155.813953488372,positive
Male,63,13.9,47,43,2,3,4,51.07,99.0,31.9,33.1,11.1,201132,8.7,17.55,0.106,6465,1.0930232558139534,3938.3591149402782,negative
Female,57,13.3,40,47,2,4,4,48.08,80.4,29.3,33.9,13.7,275392,9.77,17.14,0.189,5334,0.851063829787234,5727.787021630616,positive
Male,35,11.9,47,48,4,3,4,48.55,86.1,28.8,33.9,12.9,208993,10.77,13.82,0.187,6906,0.9791666666666666,4304.696189495366,negative
Male,59,12.9,47,48,3,2,4,41.07,98.4,29.3,32.6,12.4,91330,10.24,17.36,0.136,5929,0.9791666666666666,2223.764304845386,positive
Female,37,13.0,41,49,2,2,5,44.2,86.4,29.3,34.3,14.4,291588,10.0,14.36,0.189,5720,0.8367346938775511,6597.013574660633,negative
Male,23,14.4,43,43,4,2,5,46.65,85.0,30.4,32.0,14.4,152553,9.75,13.4,0.159,4625,1.0,3270.16077170418,positive
Male,29,16.0,45,40,2,4,5,48.78,90.7,30.3,34.4,11.1,252425,9.46,16.28,0.181,5892,1.125,5174.764247642476,positive
Female,19,14.3,48,42,4,2,5,39.46,96.5,30.0,31.2,13.4,227083,8.56,16.27,0.143,5836,1.1428571428571428,5754.76431829701,positive
Male,24,11.8,47,48,2,4,4,51.47,82.1,27.1,31.4,12.5,163537,10.68,13.47,0.111,4561,0.9791666666666666,3177.326598018263,negative
Male,33,17.2,47,43,4,4,4,50.46,98.9,30.0,30.3,12.7,140985,8.75,14.59,0.143,6879,1.0930232558139534,2793.995243757432,positive
Female,20,17.2,46,44,2,2,4,41.78,95.9,27.4,34.0,14.3,97044,8.27,17.96,0.146,5793,1.0454545454545454,2322.738152225945,positive
Male,62,16.2,48,46,3,3,4,49.52,83.6,27.0,32.1,12.2,249364,10.25,16.39,0.155,4940,1.0434782608695652,5035.62197092084,positive
Male,20,17.4,41,44,2,4,5,45.26,94.2,33.5,31.1,14.8,202304,8.53,16.65,0.111,6109,0.9318181818181818,4469.818824569156,negative
Female,44,14.8,42,43,4,2,4,44.47,87.7,30.8,31.2,11.7,216322,9.12,14.06,0.199,5165,0.9767441860465116,4864.447942433101,negative
Female,67,17.3,49,41,2,4,5,42.4,88.0,31.3,34.5,13.7,103289,8.08,13.39,0.124,5865,1.195121951219512,2436.061320754717,negative
Female,60,12.0,47,41,3,3,4,46.13,95.7,29.2,34.2,13.7,113087,8.41,14.38,0.12,6781,1.146341463414634,2451.4849338825056,positive
Male,57,13.7,45,43,2,3,4,48.22,99.3,33.3,32.8,12.0,155952,8.52,14.24,0.153,5891,1.0465116279069768,3234.176690170054,positive
Female,55,12.9,49,49,4,2,4,43.75,82.5,31.1,33.1,12.3,116368,8.16,14.17,0.154,5639,1.0,2659.84,positive
Male,50,12.7,48,49,4,4,4,46.81,88.4,32.2,32.4,14.3,200648,9.97,13.96,0.144,5550,0.979591836734694,4286.434522537919,positive
Female,45,12.3,49,48,3,4,5,47.79,89.6,28.9,32.0,14.0,150815,10.51,15.87,0.177,4781,1.0208333333333333,3155.785729232057,negative
Male,18,15.2,43,47,4,4,5,47.96,87.5,33.7,34.6,12.3,170693,9.12,14.64,0.152,5694,0.9148936170212766,3559.070058381985,positive
Female,25,16.2,47,42,2,4,5,38.73,87.3,32.6,30.6,13.1,272112,10.62,17.1,0.161,6586,1.119047619047619,7025.87141750581,negative
Female,54,15.0,49,48,2,2,5,50.04,81.0,32.8,32.1,11.2,138900,8.64,13.92,0.172,4596,1.0208333333333333,2775.779376498801,negative
Female,49,12.4,42,44,2,3,4,44.42,93.7,27.4,31.7,11.8,95494,8.98,15.32,0.103,6056,0.9545454545454546,2149.79738856371,positive
Female,65,16.4,42,42,4,2,4,41.67,88.7,28.2,32.5,12.9,196486,8.45,13.07,0.157,6323,1.0,4715.286777057835,negative
Male,60,15.3,47,44,2,4,5,41.38,83.9,28.3,32.3,11.3,256238,9.86,15.41,0.188,6274,1.068181818181818,6192.315128081198,positive
Female,54,13.8,44,49,2,4,5,44.76,96.3,28.2,32.6,14.4,236405,9.26,13.28,0.102,6233,0.8979591836734694,5281.613047363718,positive
Female,21,15.5,42,43,2,3,4,50.42,96.1,32.8,30.7,13.9,113050,9.84,17.89,0.141,6638,0.9767441860465116,2242.165807219357,negative
Male,47,13.1,49,47,3,4,4,43.3,89.7,26.3,32.6,14.8,177799,10.29,16.95,0.193,6480,1.0425531914893618,4106.21247113164,positive
Female,23,13.6,40,44,4,2,5,48.5,86.0,26.6,31.2,13.8,211016,9.64,15.45,0.135,6616,0.9090909090909092,4350.845360824742,positive
Male,63,17.0,42,49,4,2,5,39.36,92.8,28.2,30.9,14.8,290638,9.88,13.43,0.146,6703,0.8571428571428571,7384.095528455285,positive
Female,36,13.2,48,47,4,3,5,44.66,85.8,27.6,30.3,13.2,168257,10.81,15.96,0.198,4355,1.0212765957446808,3767.5100761307663,negative
Female,49,14.3,44,48,3,2,4,51.88,84.7,27.9,33.8,13.4,128070,8.9,16.79,0.12,6890,0.9166666666666666,2468.5813415574403,positive
Female,26,16.8,49,43,4,2,5,48.79,94.6,32.4,32.1,14.9,85166,9.08,13.95,0.107,6040,1.1395348837209305,1745.5626152900186,negative
Male,29,15.7,41,46,3,2,5,40.95,80.8,30.5,33.1,13.6,218193,10.15,15.84,0.186,4391,0.8913043478260869,5328.278388278388,positive
Female,28,11.9,46,41,3,2,5,45.02,81.9,26.0,33.6,11.1,225749,9.83,17.07,0.187,4578,1.1219512195121952,5014.415815193247,positive
Female,63,12.4,41,45,4,4,5,41.27,80.1,29.4,33.4,13.9,267633,8.54,16.84,0.147,5640,0.9111111111111112,6484.928519505694,positive
Female,33,11.5,43,47,2,2,5,43.73,83.1,29.3,32.4,14.6,292981,9.13,17.01,0.151,6467,0.9148936170212766,6699.771324033844,positive
Male,18,15.3,46,46,2,3,4,48.92,81.4,26.9,31.9,14.2,167409,9.4,17.4,0.184,6008,1.0,3422.097301717089,positive
Male,62,14.2,43,46,4,3,5,48.8,99.9,31.4,31.9,13.3,117664,9.26,17.69,0.174,5723,0.9347826086956522,2411.147540983606,negative
Female,38,12.3,46,47,4,2,4,41.19,85.8,31.6,33.2,13.7,209926,8.53,15.03,0.127,4163,0.9787234042553192,5096.528283563972,positive
Male,47,17.2,46,46,3,3,5,50.91,83.0,31.8,32.5,15.0,81293,10.77,15.84,0.102,6826,1.0,1596.7982714594384,positive
Female,30,14.7,40,44,4,2,5,46.3,84.8,31.8,34.2,11.4,233515,10.29,16.95,0.148,4637,0.9090909090909092,5043.520518358531,positive
Female,51,13.0,45,46,3,3,5,43.32,98.7,26.0,34.4,13.7,129212,9.44,16.49,0.186,6064,0.9782608695652174,2982.7331486611265,positive
Female,21,14.5,48,49,4,3,4,45.03,90.4,33.6,30.9,12.1,295203,10.04,17.98,0.19,6493,0.979591836734694,6555.696202531645,positive
Female,45,15.6,41,42,2,2,4,46.47,87.3,32.5,30.7,13.6,155276,10.69,13.07,0.196,4169,0.9761904761904762,3341.4245749946203,negative
Female,55,12.0,42,44,2,2,4,45.84,97.5,33.2,33.2,13.4,92559,8.41,14.78,0.188,4339,0.9545454545454546,2019.175392670157,positive
Female,48,13.1,49,46,4,4,5,44.81,87.9,26.1,31.5,11.6,145231,8.75,14.41,0.158,4725,1.065217391304348,3241.0399464405264,positive
Female,44,16.3,44,48,3,2,5,45.07,86.7,33.5,30.1,11.8,188277,9.63,14.31,0.144,5933,0.9166666666666666,4177.435100954072,positive
Male,22,14.3,48,41,2,2,4,40.47,84.1,32.5,34.4,13.5,250116,10.4,14.11,0.177,5034,1.170731707317073,6180.281690140845,positive
Male,42,14.8,43,43,3,4,4,49.38,87.6,32.7,31.1,11.5,101747,8.11,16.55,0.174,5645,1.0,2060.4900769542323,negative
Male,20,14.1,40,46,4,2,5,45.58,86.3,26.7,34.6,12.1,284581,10.95,13.42,0.154,4132,0.8695652173913043,6243.549802544976,positive
Male,50,11.8,43,40,4,2,4,39.84,93.5,31.9,33.6,14.3,291941,9.36,16.71,0.109,6948,1.075,7327.836345381525,positive
Male,21,12.5,45,41,2,4,5,48.73,85.8,33.7,33.8,12.3,241201,9.08,16.47,0.193,6687,1.0975609756097562,4949.7434845064645,positive
Male,42,14.2,44,48,4,2,4,51.05,91.5,31.4,31.0,13.0,80037,8.88,14.25,0.146,4822,0.9166666666666666,1567.8158667972575,positive
Male,37,12.8,40,49,2,2,4,51.26,81.3,30.6,31.2,14.8,184294,8.52,14.26,0.136,4953,0.8163265306122449,3595.2789699570817,positive
Female,51,11.8,43,46,3,4,4,43.17,83.8,33.6,32.6,11.9,177847,10.37,16.14,0.163,6126,0.9347826086956522,4119.689599258744,positive
Female,43,16.6,45,49,2,4,5,39.9,88.1,29.5,30.9,12.6,183742,10.87,16.81,0.167,4345,0.9183673469387756,4605.062656641604,negative
Female,22,17.4,49,46,2,3,5,45.26,98.7,30.8,31.5,13.4,128503,9.24,17.38,0.121,4608,1.065217391304348,2839.217852408308,positive
Female,52,16.3,49,45,3,2,4,39.58,87.5,29.8,31.6,14.0,108207,10.86,17.26,0.184,4638,1.0888888888888888,2733.880747852451,positive
Male,45,16.6,43,42,2,3,5,51.08,93.3,33.5,30.8,14.6,113241,10.47,17.82,0.129,5047,1.0238095238095235,2216.9342208300704,positive
Male,46,13.0,48,49,2,3,5,40.57,85.1,26.6,31.0,14.7,211130,9.44,15.91,0.119,5494,0.979591836734694,5204.091693369485,negative
Female,26,17.3,44,42,4,4,5,41.54,82.5,30.0,33.9,14.1,279244,10.02,17.54,0.141,5224,1.0476190476190477,6722.2917669715935,positive
Female,69,12.7,47,41,3,2,5,43.69,81.2,31.5,30.8,11.9,176171,9.3,17.04,0.173,6178,1.146341463414634,4032.2957198443582,positive
Male,55,17.2,48,45,2,2,4,43.36,86.1,32.3,30.1,11.1,225906,9.68,17.47,0.197,6403,1.0666666666666669,5210.009225092251,positive
Female,67,17.5,49,43,3,4,5,49.13,83.2,30.7,33.1,12.5,292185,8.17,13.06,0.181,6991,1.1395348837209305,5947.1809485039685,positive
Female,23,15.8,44,44,3,3,5,44.39,83.5,33.3,34.9,11.6,197302,10.09,17.83,0.194,4149,1.0,4444.739806262672,positive
Female,36,17.4,45,42,2,4,4,40.39,95.2,33.5,31.7,13.8,238262,8.16,15.37,0.114,5549,1.0714285714285714,5899.034414459024,positive
Female,61,14.9,40,45,4,2,5,41.74,80.3,26.5,30.6,13.6,152832,10.45,16.99,0.107,5327,0.8888888888888888,3661.523718255869,positive
Male,28,13.1,46,42,3,4,5,45.13,91.2,29.2,32.9,11.2,101383,10.47,13.64,0.156,5564,1.0952380952380951,2246.465765566142,positive
Female,19,14.1,43,47,2,2,5,40.06,87.6,26.2,34.5,14.3,204291,8.71,14.98,0.129,4049,0.9148936170212766,5099.625561657514,positive
Female,64,15.1,41,48,3,3,4,46.56,90.1,28.6,33.9,12.0,235732,8.97,14.36,0.183,6511,0.8541666666666666,5062.972508591065,positive
Male,61,11.9,44,43,4,2,4,45.92,91.3,30.3,33.1,12.7,82674,9.44,14.46,0.167,5505,1.0232558139534884,1800.3919860627177,negative
Male,61,15.2,42,48,4,3,5,48.01,86.3,33.3,31.6,13.7,194100,9.79,13.62,0.197,6502,0.875,4042.9077275567593,positive
Female,26,17.4,45,46,4,3,5,51.13,85.9,32.8,32.7,12.7,189369,8.86,17.03,0.125,4334,0.9782608695652174,3703.676902014473,positive
Male,38,12.6,47,42,2,2,4,50.77,94.7,27.0,30.5,12.8,102820,9.78,13.05,0.149,5375,1.119047619047619,2025.2117392160724,negative
Female,41,16.3,46,46,2,2,4,51.25,97.4,26.7,33.4,11.3,296112,8.89,14.56,0.15,4667,1.0,5777.79512195122,positive
Female,51,16.9,42,40,4,3,4,41.43,83.9,30.7,33.6,12.6,236738,8.17,13.87,0.124,5672,1.05,5714.168476949071,negative
Male,39,17.2,47,42,2,4,5,39.84,82.0,30.3,34.8,14.1,123794,8.01,15.95,0.159,6374,1.119047619047619,3107.279116465864,positive
Female,20,17.3,41,45,4,2,5,42.23,98.0,28.1,31.3,14.7,213148,8.3,14.27,0.144,5015,0.9111111111111112,5047.312337201042,positive
Female,29,14.6,49,43,2,3,4,50.53,87.0,33.2,30.1,12.7,275926,10.38,14.29,0.145,4335,1.1395348837209305,5460.637245200871,positive
Female,45,17.4,48,46,4,3,5,51.61,91.0,33.4,32.7,12.7,208544,10.88,15.44,0.136,4665,1.0434782608695652,4040.76729316024,positive
Female,47,16.0,43,42,3,4,5,50.03,87.2,29.2,33.5,13.8,263414,9.28,16.26,0.102,4080,1.0238095238095235,5265.120927443534,positive
Male,43,12.5,40,40,4,2,5,39.54,82.5,33.1,34.0,14.8,117555,9.54,13.61,0.152,6134,1.0,2973.0652503793626,positive
Male,65,14.4,47,48,4,3,5,51.26,91.8,29.1,31.0,12.1,266280,8.44,13.88,0.134,5799,0.9791666666666666,5194.693718298869,positive
Female,38,15.8,46,45,2,4,5,43.93,90.5,31.9,31.3,12.8,112406,9.65,14.24,0.1,4257,1.022222222222222,2558.752560892329,positive
Male,45,13.0,44,47,2,3,5,38.13,84.1,29.8,32.6,14.2,272644,8.43,17.87,0.131,4990,0.9361702127659576,7150.380277996328,positive
Female,43,15.3,49,42,2,2,5,44.19,89.0,27.0,31.7,13.4,120262,9.83,14.99,0.128,4184,1.1666666666666667,2721.475446933696,positive
Female,50,15.5,44,47,2,4,4,38.64,95.9,33.4,34.3,11.4,171320,10.8,15.99,0.139,5715,0.9361702127659576,4433.747412008282,positive
Female,38,12.5,46,41,2,3,4,45.61,91.8,29.6,32.4,13.5,297733,8.59,14.21,0.113,6745,1.1219512195121952,6527.800920850691,negative
Female,52,14.9,44,43,2,4,4,42.74,81.9,31.9,34.0,11.7,234288,10.29,15.45,0.151,4122,1.0232558139534884,5481.7033224146,positive
Female,69,16.1,47,42,3,2,4,44.63,91.0,28.9,32.9,13.0,279189,8.07,13.37,0.169,4604,1.119047619047619,6255.635222944207,positive
Male,51,14.5,45,49,4,4,4,46.58,94.1,26.2,33.9,13.1,292208,9.13,13.17,0.163,6562,0.9183673469387756,6273.250322026621,positive
Female,58,11.6,44,40,4,2,4,50.16,95.9,26.8,31.7,14.5,110284,8.33,15.34,0.18,4903,1.1,2198.6443381180225,negative
Male,68,11.6,48,46,4,3,4,47.27,92.6,30.0,34.2,12.8,231243,9.06,14.99,0.145,5537,1.0434782608695652,4891.961074677385,positive
Male,64,13.6,41,49,3,2,4,44.08,83.1,31.5,31.4,12.1,170627,8.52,13.68,0.152,5981,0.8367346938775511,3870.848457350272,positive
Female,35,17.1,40,41,4,3,4,49.47,94.2,28.7,32.7,11.9,225405,9.12,16.44,0.181,5394,0.975609756097561,4556.397816858703,positive
Female,28,12.9,47,43,3,3,5,50.68,93.5,31.6,31.1,14.5,241607,9.25,17.96,0.143,6352,1.0930232558139534,4767.304656669297,positive
Female,40,15.3,42,48,3,2,5,39.68,80.5,31.6,32.4,11.7,169023,8.9,14.98,0.17,5308,0.875,4259.652217741936,negative
Female,65,12.8,46,45,3,3,4,45.45,88.2,31.6,31.6,12.7,287012,9.97,16.12,0.143,6704,1.022222222222222,6314.895489548954,negative
Female,39,13.4,49,47,4,4,5,41.98,86.7,29.9,31.3,11.7,244772,10.76,17.81,0.142,5865,1.0425531914893618,5830.681276798476,positive
Male,34,16.6,47,41,3,3,5,38.66,93.4,33.3,34.8,14.1,294655,9.2,17.16,0.176,5941,1.146341463414634,7621.70201758924,negative
Female,22,15.9,45,46,4,2,4,47.36,84.3,29.9,30.8,12.9,121516,8.58,15.32,0.117,6309,0.9782608695652174,2565.7939189189187,positive
Female,61,12.1,49,45,4,4,4,50.08,91.8,29.6,33.9,12.4,95577,8.81,16.69,0.134,5597,1.0888888888888888,1908.48642172524,negative
Male,28,14.1,48,48,2,4,4,40.28,98.3,27.6,34.9,12.4,95015,10.56,13.64,0.122,4490,1.0,2358.8629592850048,positive
Male,47,11.7,46,46,2,3,5,49.37,96.0,28.5,30.1,14.4,171104,9.71,15.56,0.136,6785,1.0,3465.748430220782,positive
Female,32,14.4,49,40,3,3,5,49.95,98.4,26.3,33.5,13.2,194412,9.37,14.4,0.123,5054,1.225,3892.132132132132,positive
Male,44,15.5,44,47,3,2,4,50.8,99.6,31.1,31.3,13.9,171740,8.45,13.81,0.158,4701,0.9361702127659576,3380.708661417323,positive
Female,52,12.2,47,49,4,4,5,41.71,80.2,28.0,30.2,14.6,232308,9.35,15.13,0.18,6934,0.9591836734693876,5569.599616398945,positive
Male,50,13.2,41,42,3,2,5,50.66,92.5,28.4,32.0,14.6,146640,8.84,13.66,0.179,5291,0.9761904761904762,2894.5913936044217,positive
Male,37,13.9,46,41,3,3,5,42.49,88.3,32.2,34.7,12.3,163190,10.83,16.49,0.136,6059,1.1219512195121952,3840.668392562956,positive
Female,33,17.0,43,42,4,4,4,45.73,97.2,28.6,30.1,14.8,209516,10.65,15.28,0.199,5214,1.0238095238095235,4581.587579269626,positive
Male,51,17.5,48,45,3,2,5,38.71,85.0,27.9,32.9,11.1,256776,8.25,15.66,0.159,5423,1.0666666666666669,6633.324722293981,positive
Male,19,11.8,40,42,3,2,5,38.61,99.6,27.4,32.5,12.5,253441,9.55,13.73,0.14,5560,0.9523809523809524,6564.128464128465,positive
Male,52,16.1,46,49,4,2,5,48.09,92.3,32.2,34.4,14.6,214718,8.68,13.7,0.184,5941,0.9387755102040816,4464.919941775836,positive
Male,57,13.7,45,44,4,2,5,44.22,95.9,27.0,30.4,12.1,167007,9.23,15.92,0.173,6138,1.0227272727272727,3776.729986431479,positive
Male,45,13.9,47,45,2,2,5,41.59,81.7,29.6,33.4,12.1,236978,10.63,17.93,0.175,4599,1.0444444444444445,5697.956239480644,negative
Male,64,16.0,44,47,4,4,5,40.67,83.7,30.1,33.4,12.2,297715,9.58,13.48,0.12,5809,0.9361702127659576,7320.260634374231,positive
Female,56,17.0,40,46,2,2,5,47.38,95.2,31.5,33.3,13.4,127728,9.0,14.43,0.147,6348,0.8695652173913043,2695.8210215280706,negative
Female,23,17.2,40,47,3,4,4,38.01,80.4,31.1,34.7,12.8,94878,8.62,17.35,0.186,5134,0.851063829787234,2496.132596685083,positive
Male,26,15.0,48,42,4,2,4,49.28,96.3,32.5,34.1,13.9,208925,10.4,13.36,0.15,4079,1.1428571428571428,4239.549512987013,positive
Female,37,13.6,49,43,4,3,5,39.11,80.3,26.4,30.2,14.6,89145,9.87,17.38,0.168,4835,1.1395348837209305,2279.340322168244,positive
Female,18,16.2,45,45,4,3,4,40.68,93.1,28.4,32.4,13.7,168578,9.4,15.62,0.159,4651,1.0,4144.0019665683385,positive
Female,25,13.0,49,46,3,2,5,43.41,87.3,28.2,32.0,11.8,98226,8.65,15.04,0.184,6480,1.065217391304348,2262.7505183137528,positive
Male,40,14.9,44,48,2,3,5,44.79,92.2,27.2,31.6,14.7,82802,9.0,14.55,0.128,4416,0.9166666666666666,1848.6715784773387,negative
Female,20,13.7,40,40,3,4,5,42.97,93.9,28.3,32.3,12.1,104119,10.88,14.49,0.158,5470,1.0,2423.06260181522,positive
Male,21,15.4,45,47,3,2,4,42.49,86.8,28.5,31.9,11.6,143560,9.56,14.53,0.112,6065,0.9574468085106383,3378.677335843728,positive
Female,42,12.9,45,47,4,4,5,51.49,82.2,30.2,32.2,11.4,137353,9.2,17.42,0.169,5077,0.9574468085106383,2667.566517770441,positive
Male,64,12.6,42,45,2,2,5,46.98,81.4,31.3,34.9,13.3,203001,9.56,16.62,0.173,5903,0.9333333333333332,4321.0089399744575,negative
Male,55,17.0,47,43,3,3,4,38.33,91.8,29.0,30.4,11.5,273198,10.34,16.35,0.104,4745,1.0930232558139534,7127.5241325332645,positive
Female,32,12.1,40,42,4,4,4,44.02,90.4,31.8,34.6,11.6,151641,9.02,16.99,0.168,6002,0.9523809523809524,3444.820536119945,negative
Female,38,14.5,40,42,3,3,5,50.25,94.8,28.7,32.4,12.2,131712,8.54,14.29,0.141,4239,0.9523809523809524,2621.134328358209,negative
Male,52,12.8,45,45,3,3,4,42.22,90.2,28.3,33.1,12.1,263261,9.75,16.09,0.112,6893,1.0,6235.457129322596,positive
Female,63,11.7,49,47,4,2,4,39.32,88.4,30.3,34.2,13.4,268856,10.0,15.3,0.142,5944,1.0425531914893618,6837.63987792472,negative
Female,69,11.7,40,46,4,4,5,48.62,88.0,26.2,31.8,14.3,210085,10.14,16.91,0.119,6465,0.8695652173913043,4320.958453311395,positive
Female,31,12.6,45,40,2,3,5,46.48,80.5,26.6,32.2,14.0,148285,10.65,14.55,0.142,4855,1.125,3190.296901893288,positive
Male,53,16.7,40,45,3,2,5,45.98,86.7,29.3,32.0,12.0,195278,9.11,16.22,0.138,6646,0.8888888888888888,4247.020443671162,positive
Male,29,13.2,45,46,4,2,4,38.75,99.5,33.5,31.9,12.0,254021,8.23,17.41,0.174,5796,0.9782608695652174,6555.38064516129,negative
Female,34,17.2,42,46,4,2,4,39.97,97.5,31.8,34.6,14.9,245201,10.88,15.01,0.177,5771,0.9130434782608696,6134.625969477108,positive
Female,56,15.0,47,48,2,3,4,46.72,86.6,26.7,34.1,11.0,104512,9.31,13.33,0.161,4419,0.9791666666666666,2236.986301369863,positive
Female,26,14.1,45,49,2,2,5,40.91,91.8,32.8,30.5,14.5,182077,9.87,15.58,0.102,6263,0.9183673469387756,4450.672207284283,positive
Male,52,15.0,40,44,4,4,4,45.06,96.9,31.9,30.5,11.8,290103,10.0,14.73,0.193,4708,0.9090909090909092,6438.14913448735,positive
Male,30,14.6,44,40,2,4,4,45.63,88.8,30.9,32.1,14.8,274626,9.64,16.36,0.169,6598,1.1,6018.540433925049,positive
Female,32,16.1,47,41,4,3,5,41.97,80.4,32.6,30.5,12.4,82064,8.62,17.76,0.103,5667,1.146341463414634,1955.3014057660237,negative
Female,35,13.2,42,43,3,4,5,51.28,81.5,29.2,33.1,12.8,175614,10.27,15.43,0.182,5353,0.9767441860465116,3424.609984399376,negative
Female,68,13.6,45,44,2,2,5,49.79,90.2,27.8,30.7,13.8,262639,10.41,15.33,0.12,6035,1.0227272727272727,5274.934725848564,positive
Female,50,16.9,44,48,3,3,4,48.11,99.4,30.1,32.6,13.4,197639,9.66,16.27,0.158,6880,0.9166666666666666,4108.064851382249,positive
Female,23,17.2,45,40,3,2,5,39.09,93.9,30.4,30.0,12.3,110011,9.47,13.52,0.147,4679,1.125,2814.3003325658733,positive
Female,44,16.9,49,42,3,3,4,39.49,81.4,30.3,31.6,13.2,151152,8.34,14.27,0.142,4486,1.1666666666666667,3827.6019245378575,positive
Male,40,14.0,40,44,4,3,4,44.9,83.8,30.5,33.4,13.9,284583,8.25,17.59,0.189,4622,0.9090909090909092,6338.15144766147,positive
Female,44,16.2,46,42,3,2,5,40.25,95.4,33.6,32.4,11.2,90960,9.02,16.35,0.144,5438,1.0952380952380951,2259.8757763975154,negative
Male,51,14.4,48,43,3,4,5,51.7,96.8,33.2,34.9,11.0,201789,8.93,13.07,0.108,4218,1.1162790697674418,3903.0754352030954,negative
Female,63,14.5,41,42,3,4,5,40.22,92.4,33.0,34.4,12.8,138920,10.86,14.02,0.195,6768,0.9761904761904762,3454.0029835902537,positive
Female,55,12.7,49,43,4,3,5,44.82,92.9,32.4,31.8,11.5,101387,10.35,16.41,0.192,6428,1.1395348837209305,2262.092815707273,positive
Male,31,15.0,44,40,3,2,5,43.1,80.6,33.5,30.2,13.7,226396,9.98,16.82,0.168,6134,1.1,5252.807424593967,positive
Male,53,12.6,49,47,3,2,4,46.95,96.6,26.8,34.2,11.9,143960,9.55,17.2,0.147,5484,1.0425531914893618,3066.2406815761447,positive
Male,25,13.5,43,43,2,3,4,39.81,95.8,28.1,34.6,12.7,202994,8.5,14.46,0.109,6862,1.0,5099.07058528008,positive
Male,52,16.6,45,46,4,4,4,44.02,85.2,30.0,34.1,11.8,282851,10.94,17.66,0.179,6458,0.9782608695652174,6425.511131303952,negative
Female,36,12.7,45,41,3,2,5,41.85,94.2,32.8,30.6,13.2,112628,9.13,15.76,0.108,4690,1.0975609756097562,2691.2305854241336,positive
Male,47,11.9,41,41,2,4,4,50.43,84.3,30.0,35.0,11.5,201269,8.32,16.48,0.107,6029,1.0,3991.0569105691056,negative
Female,31,11.9,41,45,4,4,5,38.57,80.8,32.0,31.3,11.1,286168,9.48,15.98,0.154,5012,0.9111111111111112,7419.445164635727,positive
Male,37,17.1,43,41,4,3,5,50.79,84.0,27.1,33.6,11.2,127452,10.62,13.61,0.116,6572,1.048780487804878,2509.39161252215,positive
Female,66,14.5,40,45,4,3,4,49.66,83.6,28.0,34.5,14.8,121098,10.66,17.82,0.101,4446,0.8888888888888888,2438.5420861860653,positive
Female,42,14.0,48,41,4,4,4,42.17,86.8,31.9,31.2,11.6,281531,8.03,13.61,0.142,6347,1.170731707317073,6676.096751244961,negative
Female,57,16.4,46,43,4,2,5,49.05,88.4,27.3,34.5,13.8,250307,10.66,14.27,0.114,6455,1.069767441860465,5103.098878695209,positive
Female,41,16.5,46,46,4,2,4,38.44,90.2,28.8,31.5,11.3,166861,8.81,17.07,0.116,4374,1.0,4340.816857440167,positive
Female,31,13.5,42,47,3,3,5,51.54,89.5,28.1,34.9,11.4,107949,8.12,16.09,0.108,6280,0.8936170212765957,2094.4703143189754,negative
Female,43,15.7,42,42,3,4,4,45.37,85.4,28.8,31.4,13.0,233893,10.54,17.19,0.121,5922,1.0,5155.234736610095,positive
Male,55,16.1,40,48,3,2,4,42.25,80.6,31.7,34.8,12.9,282684,10.59,15.58,0.172,4637,0.8333333333333334,6690.745562130178,positive
Female,40,15.4,42,41,3,2,4,43.08,92.1,28.9,30.3,14.8,233104,9.79,14.88,0.181,5770,1.024390243902439,5410.956360259982,positive
Male,39,12.4,42,47,2,3,4,38.93,87.9,30.4,33.5,14.8,153537,9.72,17.61,0.145,6697,0.8936170212765957,3943.924993578217,positive
Male,65,16.8,43,47,3,4,4,51.85,86.0,26.8,32.7,14.1,226375,10.44,13.18,0.151,6233,0.9148936170212766,4365.95949855352,positive
Female,36,14.7,43,43,4,2,5,38.55,97.3,32.4,32.4,13.4,196003,10.36,17.28,0.103,6125,1.0,5084.3839169909215,positive
Male,63,13.2,42,40,3,3,4,47.17,94.9,29.0,31.1,12.8,293065,10.67,14.15,0.107,5504,1.05,6212.953148187407,negative
Female,68,14.1,49,40,3,2,4,44.2,97.2,31.2,33.5,12.4,223375,9.66,17.24,0.126,4193,1.225,5053.733031674208,positive
Male,20,11.7,47,41,4,2,4,51.28,89.9,31.8,31.0,14.8,130701,10.9,13.7,0.154,5399,1.146341463414634,2548.7714508580343,positive
Female,59,12.3,47,48,3,2,5,41.44,82.6,27.7,32.8,13.4,130511,10.99,15.9,0.174,6334,0.9791666666666666,3149.3967181467183,negative
Male,36,16.1,40,41,3,3,5,45.45,93.9,33.1,31.3,13.3,160664,8.35,17.44,0.161,5505,0.975609756097561,3534.961496149615,positive
Female,26,11.5,46,41,3,4,5,44.75,84.1,30.9,34.8,11.9,229352,10.55,15.37,0.139,5746,1.1219512195121952,5125.1843575419,positive
Female,45,14.0,41,45,2,3,5,47.84,88.8,29.4,30.1,11.2,119427,9.5,16.73,0.112,4249,0.9111111111111112,2496.383779264214,positive
Female,37,14.6,40,46,3,4,5,38.95,81.3,27.5,31.0,14.8,177180,9.16,17.02,0.178,5224,0.8695652173913043,4548.908857509628,positive
Female,62,11.8,42,46,4,2,4,40.71,96.5,33.5,31.2,12.3,183550,9.84,16.68,0.136,4535,0.9130434782608696,4508.720216163105,negative
Male,24,17.3,43,48,4,4,4,41.0,82.5,32.0,32.1,12.8,218039,8.17,17.63,0.174,6347,0.8958333333333334,5318.024390243902,negative
Female,31,12.9,45,45,3,2,4,48.33,98.1,27.7,31.2,11.5,217733,9.52,15.23,0.151,5106,1.0,4505.131388371612,positive
Male,26,13.3,49,47,3,2,5,40.65,97.3,28.7,32.5,14.3,157952,10.61,13.87,0.174,6856,1.0425531914893618,3885.658056580566,positive
Male,36,13.3,44,45,3,3,5,46.03,89.3,32.5,34.4,11.1,146046,8.64,13.24,0.191,4457,0.9777777777777776,3172.843797523354,negative
Male,64,12.9,43,41,4,2,4,41.01,94.9,31.6,33.6,14.3,186918,9.28,14.23,0.192,6738,1.048780487804878,4557.863935625457,positive
Female,69,11.5,47,40,4,3,5,50.06,92.4,32.1,32.9,11.6,115200,10.82,13.72,0.154,5387,1.175,2301.23851378346,positive
Male,31,15.9,43,44,2,4,5,51.19,96.1,29.5,30.4,14.5,147442,9.29,15.79,0.151,6765,0.9772727272727272,2880.289118968549,positive
Male,55,17.3,49,48,2,4,5,45.26,88.6,31.7,33.5,13.9,272743,9.08,13.92,0.127,4039,1.0208333333333333,6026.13787008396,negative
Male,53,12.8,41,47,2,2,4,42.93,95.7,29.1,30.8,11.7,171070,9.32,13.19,0.194,5539,0.8723404255319149,3984.859072909388,positive
Female,57,15.5,42,43,4,3,4,41.28,89.2,27.7,33.9,13.3,138168,9.56,13.18,0.146,6155,0.9767441860465116,3347.093023255814,positive
Female,34,16.0,45,44,2,2,5,38.7,98.8,31.1,31.3,12.3,128322,9.9,17.16,0.113,4260,1.0227272727272727,3315.813953488372,positive
Male,47,16.6,47,44,3,3,5,41.76,89.7,33.8,32.1,11.7,293056,10.4,15.96,0.143,5641,1.068181818181818,7017.6245210727975,positive
Female,26,14.0,47,45,3,3,5,47.16,89.3,28.5,31.8,14.4,248768,9.36,14.79,0.113,5247,1.0444444444444445,5274.978795589483,negative
Female,50,13.3,48,42,4,3,5,45.47,95.7,29.7,34.3,12.6,150246,10.45,17.47,0.15,6573,1.1428571428571428,3304.2885418957558,positive
Male,69,13.5,46,44,2,4,4,51.22,96.4,31.4,30.6,12.6,249964,9.6,13.35,0.156,6757,1.0454545454545454,4880.203045685279,positive
Male,42,15.8,41,41,3,3,5,43.55,91.1,30.3,32.8,11.7,95583,9.02,17.9,0.134,4125,1.0,2194.787600459242,positive
Female,31,16.4,47,49,4,4,4,47.71,83.6,32.7,30.7,12.5,162720,9.97,16.08,0.107,5229,0.9591836734693876,3410.605743030811,positive
Male,28,12.6,46,40,2,3,4,44.85,89.4,32.1,33.5,14.5,266287,10.15,13.92,0.194,5306,1.15,5937.279821627648,positive
Female,52,13.7,47,40,3,4,4,45.18,99.4,26.5,34.5,12.5,235925,9.67,16.4,0.177,6101,1.175,5221.8902169101375,positive
Female,58,16.9,42,49,2,4,5,41.75,95.1,34.0,32.2,14.8,217181,8.17,16.82,0.184,6393,0.8571428571428571,5201.940119760479,negative
Female,31,16.3,46,46,4,4,4,44.37,96.2,32.0,32.4,14.8,139757,8.51,15.15,0.137,4135,1.0,3149.8084291187743,positive
Female,47,17.4,49,41,2,2,4,44.59,80.7,32.9,34.6,11.6,86659,8.86,17.31,0.176,6377,1.195121951219512,1943.4626597891904,positive
Female,58,16.0,48,43,4,3,5,47.89,89.4,31.2,32.6,11.7,81238,8.85,13.75,0.149,5459,1.1162790697674418,1696.3457924410106,positive
Female,21,13.9,42,44,2,2,5,51.17,92.9,32.9,32.4,14.5,201270,10.02,14.39,0.12,4135,0.9545454545454546,3933.359390267735,positive
Male,21,15.0,49,46,3,3,5,42.61,96.6,26.9,32.9,12.6,199211,8.06,13.47,0.112,4812,1.065217391304348,4675.21708519127,negative
Male,45,15.5,45,41,4,3,4,38.59,81.0,28.8,33.4,11.0,95064,10.27,14.05,0.135,4851,1.0975609756097562,2463.436123348017,positive
Female,25,12.0,41,45,4,2,5,44.95,97.0,33.0,30.5,12.1,242187,8.8,14.19,0.114,5744,0.9111111111111112,5387.919911012235,positive
Female,19,14.8,41,40,4,4,4,45.62,91.0,27.6,34.1,13.4,243024,8.93,17.59,0.2,5938,1.025,5327.1372205173175,positive
Female,58,15.8,44,46,2,3,4,40.36,83.9,26.6,32.2,14.2,216692,9.58,13.39,0.105,4870,0.9565217391304348,5368.979187314172,positive
Male,63,12.5,44,48,2,4,5,48.65,86.3,32.3,30.4,11.5,179790,8.65,15.14,0.144,6939,0.9166666666666666,3695.5806783144913,positive
Female,39,16.2,46,44,3,2,4,51.79,85.6,32.7,33.9,11.4,182985,10.65,15.66,0.145,5472,1.0454545454545454,3533.211044603205,negative
Male,58,15.0,41,44,4,4,4,51.24,90.6,27.3,31.9,14.7,124258,8.26,17.49,0.13,4634,0.9318181818181818,2425.0195160031226,negative
Female,33,17.2,46,43,4,3,4,40.76,81.0,32.8,30.5,14.0,215542,9.33,17.99,0.157,5651,1.069767441860465,5288.076545632974,positive
Female,46,11.8,44,42,2,3,4,50.26,83.2,31.5,33.2,13.4,233075,10.55,16.77,0.115,4668,1.0476190476190477,4637.385594906486,negative
Male,66,13.1,45,48,2,3,5,47.86,96.3,30.2,34.4,14.1,238643,9.85,17.85,0.178,5293,0.9375,4986.272461345591,positive
Male,65,15.1,47,44,3,2,4,44.35,82.7,32.6,34.4,12.7,104668,8.88,16.94,0.133,4268,1.068181818181818,2360.045095828636,positive
Female,47,13.3,49,47,3,3,5,45.57,84.7,29.4,34.8,14.0,157259,9.26,17.82,0.159,4860,1.0425531914893618,3450.932631116963,positive
Female,29,15.8,43,48,2,2,4,49.89,89.1,27.6,34.3,12.5,192192,10.12,16.54,0.172,4481,0.8958333333333334,3852.315093205051,negative
Female,52,16.1,46,44,4,4,4,44.72,90.3,28.3,30.0,12.0,176576,10.92,13.4,0.189,5261,1.0454545454545454,3948.479427549195,positive
Male,28,12.1,45,49,3,3,5,43.22,95.3,30.0,31.9,13.9,185481,10.68,15.01,0.184,6332,0.9183673469387756,4291.554835724201,positive
Male,63,14.6,49,48,2,3,4,44.91,88.9,30.3,34.1,12.7,191505,9.03,16.23,0.161,4102,1.0208333333333333,4264.195056780228,positive
Male,67,14.6,41,41,2,3,4,46.11,95.8,32.4,31.8,14.9,243118,10.99,14.75,0.139,5453,1.0,5272.565603990458,positive
Male,38,13.7,47,48,4,4,4,40.65,92.4,32.3,33.0,12.4,282049,8.01,14.37,0.15,4791,0.9791666666666666,6938.474784747848,positive
Male,38,17.1,49,43,2,3,4,50.61,82.3,30.7,33.0,14.7,288327,8.08,15.89,0.177,5677,1.1395348837209305,5697.036158861885,positive
Male,22,16.5,48,45,2,2,4,47.44,83.1,32.2,31.8,14.7,85397,10.47,17.67,0.188,4238,1.0666666666666669,1800.1053962900507,positive
Female,65,15.7,44,45,3,4,4,46.87,88.7,27.5,34.5,12.0,179925,8.6,13.17,0.11,6788,0.9777777777777776,3838.8094730104544,positive
Female,37,15.8,49,45,2,4,5,39.39,87.9,26.4,32.5,14.2,163481,8.18,16.85,0.138,6692,1.0888888888888888,4150.31733942625,positive
Male,54,14.3,43,41,2,4,5,46.46,94.9,33.0,32.3,12.7,233305,8.71,16.61,0.178,5588,1.048780487804878,5021.631510977185,negative
Female,20,17.0,45,46,3,4,5,39.69,91.6,26.6,35.0,14.7,294408,9.28,17.82,0.143,4881,0.9782608695652174,7417.6870748299325,negative
Female,61,15.7,47,45,4,4,4,39.1,87.8,28.0,32.5,12.8,140308,10.19,17.65,0.133,6654,1.0444444444444445,3588.4398976982097,positive
Male,50,15.9,42,40,4,2,4,45.38,83.4,31.6,30.9,14.0,280798,9.87,16.81,0.141,6235,1.05,6187.703834288232,positive
Female,26,16.7,49,41,3,4,4,43.64,84.5,29.3,32.6,12.9,274291,8.71,15.6,0.16,4887,1.195121951219512,6285.311640696608,negative
Male,26,13.1,40,46,3,3,5,46.24,91.5,33.0,34.1,11.9,81130,9.51,14.02,0.2,5279,0.8695652173913043,1754.5415224913495,positive
Male,21,16.3,43,40,4,4,4,39.25,88.5,28.4,33.9,11.8,204293,10.78,15.73,0.149,4923,1.075,5204.91719745223,positive
Female,52,12.7,43,40,4,4,5,44.03,90.3,26.1,33.9,12.7,94071,10.45,16.83,0.121,4793,1.075,2136.5205541676128,positive
Male,34,13.6,40,40,4,4,4,40.45,83.4,28.4,33.5,14.0,165517,8.97,17.48,0.116,6577,1.0,4091.8912237330032,negative
Male,51,13.5,48,47,4,4,4,51.82,93.3,30.6,31.3,13.4,190240,10.95,16.95,0.104,4675,1.0212765957446808,3671.1694326514857,positive
Male,41,17.4,42,43,4,4,4,45.86,97.1,29.0,34.3,13.8,82118,10.13,13.98,0.156,6439,0.9767441860465116,1790.6236371565635,positive
Male,49,16.6,44,43,3,2,5,47.62,85.2,30.3,34.5,12.1,211735,8.19,16.0,0.154,5681,1.0232558139534884,4446.346073078539,positive
Male,18,15.7,45,41,2,2,4,42.56,89.8,33.0,31.0,12.9,142408,8.11,14.66,0.121,5491,1.0975609756097562,3346.052631578947,negative
Male,25,15.9,47,40,4,4,5,39.33,99.5,33.3,30.7,11.2,131786,8.51,13.05,0.17,5849,1.175,3350.7754894482587,positive
Male,62,14.9,45,49,4,2,4,51.66,86.7,28.1,34.9,14.3,161271,10.18,14.0,0.174,5276,0.9183673469387756,3121.7770034843206,positive
Male,40,17.2,42,48,2,3,4,42.01,91.9,29.7,34.3,15.0,99158,8.55,13.57,0.126,4671,0.875,2360.342775529636,negative
Female,64,14.5,45,46,2,4,5,43.93,81.8,30.4,34.5,12.6,111087,9.53,17.21,0.134,6908,0.9782608695652174,2528.7275210562257,positive
Female,57,13.8,40,43,2,3,4,47.1,92.1,33.6,34.4,11.0,168114,8.28,14.29,0.199,6513,0.9302325581395348,3569.2993630573246,positive
Female,29,12.5,43,45,2,3,4,38.35,81.8,34.0,32.7,11.7,264193,10.76,14.42,0.137,4838,0.9555555555555556,6888.996088657105,positive
Male,29,16.2,45,41,2,4,4,49.34,99.2,27.9,33.2,13.6,99874,9.03,17.8,0.176,5312,1.0975609756097562,2024.19943250912,negative
Male,63,15.9,46,46,2,3,4,45.51,94.3,31.8,32.7,13.4,163443,10.72,14.9,0.145,5073,1.0,3591.3645352669746,negative
Female,64,13.8,49,41,3,3,5,41.9,95.8,29.0,30.3,14.2,120821,10.83,13.05,0.179,4003,1.195121951219512,2883.5560859188545,positive
Female,32,11.7,42,49,2,3,5,38.86,94.1,26.1,33.7,12.0,195675,8.02,14.42,0.177,5654,0.8571428571428571,5035.38342768914,negative
Female,58,16.5,48,47,2,4,4,40.27,91.8,26.1,32.5,14.1,140582,9.39,13.6,0.167,6899,1.0212765957446808,3490.9858455425874,positive
Male,36,11.6,46,47,3,4,4,50.53,89.0,29.7,33.2,13.8,202603,8.07,13.51,0.185,5908,0.9787234042553192,4009.5586780130616,negative
Female,43,15.7,40,40,2,3,5,47.6,97.2,29.9,32.5,12.3,233859,10.73,13.39,0.194,5893,1.0,4913.004201680672,negative
Female,69,17.3,41,47,4,4,4,41.5,99.1,26.2,32.5,13.2,275775,9.56,15.97,0.158,5922,0.8723404255319149,6645.180722891566,positive
Male,46,14.1,40,41,4,4,5,38.92,90.0,31.5,30.9,11.6,232777,8.22,13.95,0.124,5285,0.975609756097561,5980.909558067831,positive
Female,39,12.9,48,45,2,3,4,47.67,98.6,28.4,31.4,12.8,149381,8.33,14.81,0.14,4534,1.0666666666666669,3133.647996643592,positive
Male,57,15.7,48,40,3,4,5,46.01,91.7,30.5,30.8,14.5,191800,9.15,17.31,0.176,6950,1.2,4168.658987176701,positive
Male,38,16.4,46,44,4,2,5,43.66,90.8,28.4,31.0,12.7,210805,10.82,15.12,0.165,5084,1.0454545454545454,4828.332569857994,positive
Male,68,14.8,49,46,3,4,5,43.09,89.1,27.3,34.9,14.4,255725,10.08,17.58,0.118,5379,1.065217391304348,5934.671617544674,positive
Female,55,17.3,42,49,4,2,5,41.04,84.2,29.3,30.8,13.4,162018,10.6,15.49,0.105,4645,0.8571428571428571,3947.80701754386,negative
Female,37,11.8,44,40,2,3,4,47.37,80.1,27.9,31.3,11.8,180592,9.1,14.99,0.168,4023,1.1,3812.370698754486,negative
Male,46,14.5,43,41,3,4,4,51.59,84.8,30.3,33.0,13.3,171626,8.13,16.75,0.125,5316,1.048780487804878,3326.7299864314787,positive
Female,68,15.8,46,46,3,3,5,40.46,90.2,27.6,33.1,13.0,166217,10.92,13.37,0.15,4556,1.0,4108.180919426594,positive
Female,21,16.7,48,45,3,3,5,46.36,87.6,30.1,30.8,12.6,243324,8.05,13.45,0.175,6738,1.0666666666666669,5248.576358930112,positive
Female,24,12.6,41,42,4,3,5,43.94,89.0,27.3,34.0,11.5,284404,10.84,16.26,0.156,4355,0.9761904761904762,6472.553482020938,positive
Female,45,16.3,47,49,4,3,5,44.25,99.6,31.4,33.9,12.7,152799,9.11,15.43,0.108,6007,0.9591836734693876,3453.084745762712,positive
Male,45,14.8,48,41,4,3,4,41.56,87.0,32.0,31.2,11.3,142185,8.03,16.95,0.119,4869,1.170731707317073,3421.198267564966,negative
Female,21,13.9,49,49,2,4,5,49.55,89.0,26.9,31.4,11.4,289385,10.07,17.58,0.122,6988,1.0,5840.262361251262,negative
Male,39,12.3,49,43,4,2,5,44.79,82.7,29.7,34.7,12.7,121538,10.94,14.94,0.126,4574,1.1395348837209305,2713.507479348069,positive
Male,29,16.7,48,42,2,4,5,45.61,81.0,26.6,34.1,12.2,100343,10.9,15.98,0.157,4028,1.1428571428571428,2200.021925016444,positive
Female,62,12.4,49,46,3,4,5,42.27,95.5,30.8,33.5,14.7,291470,8.48,15.5,0.15,6404,1.065217391304348,6895.434114028862,positive
Male,20,13.4,46,47,3,4,5,40.55,91.4,28.1,30.4,12.5,252304,8.54,17.91,0.12,4364,0.9787234042553192,6222.046855733663,positive
Female,39,13.2,48,41,2,4,5,39.2,95.2,30.2,32.1,14.0,200026,9.7,17.16,0.107,6655,1.170731707317073,5102.704081632653,positive
Female,61,16.7,48,49,4,2,5,48.0,83.0,30.1,32.8,13.1,133106,9.91,17.56,0.117,4408,0.979591836734694,2773.0416666666665,positive
Male,19,15.5,42,46,2,4,4,40.75,91.4,33.4,30.9,13.8,194322,10.22,14.27,0.198,5314,0.9130434782608696,4768.638036809816,positive
Male,41,16.3,43,47,3,3,5,47.66,85.1,30.4,32.2,12.0,161227,8.54,16.86,0.147,6614,0.9148936170212766,3382.8577423415863,positive
Male,51,13.0,41,45,3,4,5,43.47,84.6,30.7,33.0,14.8,264151,10.88,14.33,0.187,5176,0.9111111111111112,6076.627559236255,negative
Male,44,15.2,49,45,2,4,5,43.82,80.2,29.2,31.6,13.1,236100,9.92,14.04,0.185,4218,1.0888888888888888,5387.950707439525,positive
Female,58,14.9,42,49,4,2,4,44.57,82.6,33.6,33.9,14.3,122135,10.54,17.72,0.151,6220,0.8571428571428571,2740.2961633385685,positive
Female,18,16.5,44,40,4,2,4,43.15,86.2,32.2,34.2,12.5,242138,9.62,13.1,0.171,4607,1.1,5611.5411355735805,positive
Female,25,16.9,44,43,2,3,4,39.41,82.3,28.3,31.6,11.4,199599,9.24,17.83,0.119,5035,1.0232558139534884,5064.679015478306,negative
Male,40,11.6,45,40,2,4,5,42.33,99.7,32.8,34.2,13.7,163470,10.93,13.75,0.169,5539,1.125,3861.800141743444,negative
Male,55,15.5,46,43,4,4,5,47.29,86.2,29.5,30.5,11.0,100910,9.75,17.1,0.127,4857,1.069767441860465,2133.854937618947,positive
Male,23,11.8,46,41,3,4,5,47.32,82.6,32.6,34.2,12.9,218213,10.6,14.38,0.183,5602,1.1219512195121952,4611.43279797126,negative
Female,39,14.8,40,44,2,3,4,42.01,84.0,32.6,30.8,11.8,125950,10.86,14.75,0.108,6704,0.9090909090909092,2998.095691502024,positive
Male,42,13.2,41,49,4,2,5,44.44,91.8,27.5,30.4,13.5,266795,10.03,14.08,0.177,4968,0.8367346938775511,6003.487848784879,positive
Female,35,13.3,48,48,4,3,4,40.71,81.3,31.6,33.2,14.9,96225,9.65,15.93,0.11,5500,1.0,2363.6698599852616,positive
Male,34,13.6,49,49,3,4,4,40.95,97.2,28.3,32.4,12.9,298195,8.01,14.74,0.188,5105,1.0,7281.929181929181,positive
Female,29,15.2,41,42,3,2,4,38.32,99.2,28.4,34.5,14.3,112959,8.12,16.29,0.13,5640,0.9761904761904762,2947.781837160752,positive
Female,23,13.5,45,47,3,2,4,50.55,84.9,28.4,31.8,13.0,129192,8.6,13.08,0.165,5716,0.9574468085106383,2555.727002967359,positive
Male,43,15.9,40,42,3,3,4,40.95,89.0,31.8,31.4,13.0,159711,8.56,13.32,0.149,6488,0.9523809523809524,3900.14652014652,positive
Male,44,13.9,42,45,3,2,5,41.19,80.4,27.8,32.5,14.7,221123,8.76,13.5,0.137,4616,0.9333333333333332,5368.366108278708,negative
Female,25,11.9,41,43,2,2,5,41.91,92.8,26.0,32.3,14.6,282500,8.91,15.09,0.165,4225,0.9534883720930232,6740.6346933906,negative
Female,36,16.2,42,47,4,4,4,39.78,88.3,31.7,31.7,14.1,83449,9.08,17.07,0.195,6418,0.8936170212765957,2097.7626948215184,positive
Male,59,13.2,44,45,2,4,5,46.95,85.4,27.4,33.5,12.2,252167,9.26,17.44,0.104,4027,0.9777777777777776,5370.969116080937,negative
Male,18,14.1,49,47,2,2,5,39.05,84.1,26.8,33.8,13.2,184213,8.3,14.22,0.192,4994,1.0425531914893618,4717.3623559539055,positive
Female,46,15.6,45,40,2,2,4,39.88,93.1,27.9,34.3,11.9,289001,8.13,15.87,0.161,4015,1.125,7246.765295887662,positive
Male,62,13.5,48,45,2,3,4,47.03,88.3,29.0,34.9,12.8,240262,10.02,16.84,0.181,4332,1.0666666666666669,5108.6965766532,negative
Female,66,11.8,49,40,2,3,5,42.76,83.6,29.8,31.3,12.9,180245,9.61,14.44,0.138,4482,1.225,4215.271281571562,positive
Female,52,13.7,43,40,3,2,5,47.91,93.8,26.4,33.6,14.3,177069,9.33,15.05,0.147,4565,1.075,3695.867251095805,positive
Male,57,17.2,46,47,3,4,5,45.8,91.3,33.8,32.0,14.6,237213,9.9,15.62,0.187,6161,0.9787234042553192,5179.323144104804,positive
Male,31,15.4,45,46,4,2,5,41.58,97.2,31.7,33.4,12.7,103908,10.48,13.67,0.141,6085,0.9782608695652174,2498.9898989898998,positive
Male,52,15.5,41,42,2,2,4,47.11,82.3,28.6,32.4,11.1,184847,9.28,13.13,0.153,4453,0.9761904761904762,3923.731691785184,positive
Male,65,15.3,49,45,4,4,5,39.63,95.7,28.5,35.0,14.4,200910,9.92,13.76,0.102,6789,1.0888888888888888,5069.6442089326265,positive
Male,62,12.7,47,48,3,4,4,45.51,93.5,29.6,33.6,11.7,243394,10.86,16.13,0.116,4165,0.9791666666666666,5348.143265216436,positive
Female,37,14.0,46,46,3,3,4,44.12,82.3,31.0,34.8,13.5,261782,10.52,13.37,0.164,6741,1.0,5933.408884859475,positive
Female,66,16.0,46,42,3,3,5,41.75,93.9,27.2,34.2,11.1,94012,9.28,13.95,0.172,6252,1.0952380952380951,2251.7844311377244,positive
Male,30,12.1,47,45,2,3,5,46.46,88.8,27.5,34.5,12.6,245961,9.93,14.69,0.158,4877,1.0444444444444445,5294.037882049074,positive
Male,55,13.2,40,43,2,3,5,50.2,98.9,32.9,34.1,14.9,97412,8.53,13.39,0.114,4244,0.9302325581395348,1940.4780876494024,positive
Male,66,13.2,40,42,3,4,4,51.98,82.8,28.1,32.3,11.4,190030,9.68,13.96,0.145,5894,0.9523809523809524,3655.829165063486,positive
Female,63,14.1,47,48,4,2,4,46.51,92.9,29.0,31.3,12.7,104657,10.94,17.56,0.136,5356,0.9791666666666666,2250.204257149,positive
Male,66,17.4,43,49,4,3,4,43.67,87.6,33.0,31.9,12.2,85656,9.55,13.1,0.15,4942,0.8775510204081632,1961.438058163499,negative
Male,25,11.9,44,41,3,3,4,41.15,99.1,31.3,30.1,14.6,220039,10.78,16.27,0.187,6868,1.0731707317073171,5347.241798298906,positive
Female,60,14.6,47,40,4,4,5,41.6,86.6,28.7,32.6,14.5,296030,9.22,14.92,0.178,6554,1.175,7116.105769230769,positive
Female,37,12.6,44,41,3,4,4,44.71,99.2,31.5,32.5,12.0,226836,11.0,16.36,0.108,5952,1.0731707317073171,5073.495862223216,positive
Male,50,17.3,49,46,4,2,4,43.14,98.0,26.2,32.6,11.3,95873,9.74,15.94,0.189,6971,1.065217391304348,2222.36903106166,negative
Male,43,12.2,43,49,3,2,5,50.79,85.4,31.9,34.9,13.5,174485,8.13,14.12,0.147,5282,0.8775510204081632,3435.4203583382555,positive
Male,56,13.9,45,40,4,4,4,43.16,96.1,29.9,34.6,12.3,189383,9.76,17.24,0.174,5745,1.125,4387.928637627433,positive
Female,38,15.9,44,45,2,3,4,43.23,99.9,32.5,30.8,13.7,262102,8.82,15.46,0.114,4409,0.9777777777777776,6062.965533194541,positive
Male,66,15.7,46,46,3,3,5,43.37,85.1,33.6,31.8,11.1,278879,8.1,17.11,0.167,6357,1.0,6430.228268388287,positive
Male,59,14.0,49,48,3,3,4,49.71,88.7,33.4,32.1,11.5,81607,10.46,15.03,0.124,6115,1.0208333333333333,1641.6616374974851,positive
Male,60,13.6,46,47,4,2,4,47.11,90.4,33.3,31.8,13.7,230595,8.83,17.92,0.144,6161,0.9787234042553192,4894.820632562089,positive
Female,58,13.9,43,45,3,3,4,46.6,85.9,30.1,34.0,11.8,128447,10.39,16.85,0.102,6267,0.9555555555555556,2756.37339055794,positive
Female,26,13.1,44,42,3,3,4,42.68,80.3,28.9,32.6,14.4,129757,8.86,17.83,0.115,6267,1.0476190476190477,3040.22961574508,negative
Male,41,12.7,42,47,3,4,5,49.45,84.4,29.7,32.9,11.2,149201,8.58,15.57,0.109,5496,0.8936170212765957,3017.209302325581,positive
Male,54,14.4,43,46,2,3,4,38.54,85.6,31.5,34.3,11.9,208765,10.92,15.37,0.124,6777,0.9347826086956522,5416.839647119876,negative
Female,66,13.1,43,42,2,4,5,50.19,88.9,33.1,34.0,15.0,292916,9.08,16.78,0.11,6796,1.0238095238095235,5836.14265789998,positive
Female,58,13.2,42,48,4,3,4,45.18,83.4,27.7,30.7,12.7,282460,9.8,17.4,0.169,6990,0.875,6251.881363435148,positive
Female,34,15.4,49,41,2,2,5,43.58,97.5,33.3,33.6,13.8,85462,9.83,17.82,0.103,4385,1.195121951219512,1961.0371730151448,positive
Female,41,17.3,44,42,4,3,5,44.96,94.1,32.5,32.2,11.7,196832,9.68,14.62,0.162,4929,1.0476190476190477,4377.935943060498,positive
Female,38,15.1,44,41,2,3,5,47.34,81.7,33.8,31.5,13.4,242867,10.74,16.99,0.114,4404,1.0731707317073171,5130.270384452893,positive
Female,68,12.0,46,40,4,4,4,38.18,93.0,33.0,30.3,13.9,280878,10.02,14.05,0.195,4491,1.15,7356.678889470927,positive
Female,56,12.0,43,43,2,4,4,50.2,93.1,28.2,32.4,12.3,128465,9.21,15.73,0.193,4356,1.0,2559.06374501992,positive
Female,58,17.2,43,44,2,4,4,44.25,99.1,26.8,31.8,14.3,272181,10.59,13.9,0.123,4214,0.9772727272727272,6150.983050847458,positive
Female,56,13.3,48,45,4,3,5,42.8,80.1,26.9,31.3,13.4,170027,8.54,14.74,0.161,5403,1.0666666666666669,3972.593457943925,positive
Male,30,12.1,45,44,3,3,4,39.94,85.0,28.3,33.5,12.6,130528,9.63,17.66,0.103,4751,1.0227272727272727,3268.102153229845,negative
Male,28,15.1,43,40,3,2,4,44.15,98.6,30.9,33.8,13.2,116230,10.85,13.73,0.193,4826,1.075,2632.616081540204,negative
Male,63,15.2,41,42,2,3,4,44.95,98.6,32.4,31.2,13.3,128242,9.88,16.16,0.152,5237,0.9761904761904762,2852.992213570634,negative
Female,36,15.4,45,40,4,2,4,43.65,94.4,33.2,30.2,11.7,276955,10.45,15.96,0.104,5121,1.125,6344.902634593356,positive
Male,28,13.1,41,44,3,4,5,47.5,95.3,31.0,34.2,12.6,194688,9.96,13.6,0.134,6575,0.9318181818181818,4098.694736842105,positive
Female,30,11.6,44,44,4,4,5,43.89,81.8,26.0,30.0,12.4,81783,10.52,14.63,0.108,6963,1.0,1863.362952836637,positive
Female,63,17.3,45,45,3,4,4,51.46,90.3,27.5,34.7,12.6,108390,10.83,15.81,0.139,4665,1.0,2106.296152351341,positive
Male,62,13.0,43,47,4,2,4,46.39,84.6,26.8,33.1,14.0,219489,8.82,13.94,0.167,6757,0.9148936170212766,4731.38607458504,positive
Female,18,15.6,42,49,2,3,4,49.3,83.6,28.9,31.6,12.9,152102,8.51,17.0,0.147,6028,0.8571428571428571,3085.2332657200814,positive
Male,57,15.7,46,40,4,4,5,39.53,96.2,30.0,31.2,14.8,97426,9.45,17.86,0.138,6582,1.15,2464.609157601821,positive
Male,61,15.2,41,43,3,3,4,43.56,82.7,26.3,30.0,12.2,110750,10.11,14.07,0.112,4553,0.9534883720930232,2542.4701561065194,negative
Male,36,13.4,45,49,2,3,5,42.72,89.4,28.8,31.2,12.7,138188,8.68,13.93,0.124,5572,0.9183673469387756,3234.737827715356,positive
Female,29,13.1,43,40,4,4,5,45.97,98.8,27.4,30.7,14.1,90872,8.01,15.27,0.11,4327,1.075,1976.7674570371985,positive
Male,25,15.1,45,48,3,2,4,50.06,83.7,31.2,33.1,13.2,174231,9.03,16.74,0.181,6949,0.9375,3480.4434678385937,positive
Female,25,16.7,43,46,2,3,4,39.1,99.6,29.7,30.8,13.2,209860,10.91,14.41,0.114,5188,0.9347826086956522,5367.263427109974,positive
Male,62,17.2,43,46,4,4,4,39.02,99.9,30.0,32.6,11.2,259158,10.08,13.1,0.16,4149,0.9347826086956522,6641.6709379805225,positive
Male,29,12.1,43,44,3,3,5,49.9,91.1,29.4,33.0,12.6,146770,9.2,15.71,0.134,5055,0.9772727272727272,2941.2825651302605,positive
Male,65,12.4,48,46,4,3,5,40.98,83.4,33.6,31.5,12.1,204158,8.58,17.78,0.123,4656,1.0434782608695652,4981.893606637384,negative
Female,50,17.2,46,41,4,3,4,47.36,86.3,27.7,30.2,15.0,163514,9.07,14.96,0.164,6853,1.1219512195121952,3452.5760135135138,positive
Female,62,15.9,42,43,2,3,5,45.6,88.5,30.1,30.2,12.2,299249,8.51,15.1,0.146,5936,0.9767441860465116,6562.478070175438,positive
Female,43,16.8,42,46,2,3,4,49.66,86.2,31.9,30.1,14.5,172663,8.32,17.84,0.14,4292,0.9130434782608696,3476.902939991945,negative
Male,56,12.7,45,42,3,2,4,39.75,85.6,30.5,33.7,13.7,245792,10.72,16.47,0.159,6966,1.0714285714285714,6183.446540880504,positive
Male,45,15.0,45,41,2,2,5,39.82,99.4,33.4,31.6,12.4,229151,10.99,16.6,0.149,6736,1.0975609756097562,5754.671019588147,positive
Female,22,15.7,43,49,3,4,5,45.8,83.1,29.0,34.0,13.2,228410,8.49,15.81,0.13,4956,0.8775510204081632,4987.117903930131,positive
Female,25,15.6,48,41,4,2,5,51.25,94.7,29.7,32.2,14.4,214363,8.16,17.87,0.156,5084,1.170731707317073,4182.69268292683,positive
Female,42,13.9,43,40,4,2,5,43.81,80.0,26.7,32.3,14.5,285156,8.99,16.44,0.167,5612,1.075,6508.924902990185,positive
Female,44,11.6,48,44,3,2,4,42.58,91.9,30.9,32.6,11.6,192808,9.38,17.48,0.103,4415,1.0909090909090908,4528.135274776891,positive
Female,63,15.0,43,45,4,3,4,46.49,98.3,28.3,33.6,12.4,190091,8.61,16.5,0.147,6645,0.9555555555555556,4088.857818885782,positive
Female,40,13.0,41,45,2,3,4,51.03,85.8,27.3,31.4,12.3,179272,8.9,16.68,0.106,6054,0.9111111111111112,3513.070742700372,positive
Male,47,14.2,41,48,4,4,5,49.72,83.7,30.4,30.6,11.2,129393,8.6,14.45,0.119,4917,0.8541666666666666,2602.433628318584,positive
Female,62,17.2,44,43,2,4,4,51.94,93.0,30.3,32.8,13.4,173558,10.32,14.52,0.156,4084,1.0232558139534884,3341.509433962264,negative
Male,64,13.9,43,40,3,4,5,38.32,94.3,26.6,31.6,14.4,149770,10.14,16.91,0.187,6821,1.075,3908.402922755741,positive
Male,40,16.5,46,45,3,3,5,39.58,93.8,31.6,32.2,12.5,106720,9.9,14.48,0.188,4956,1.022222222222222,2696.311268317332,positive
Female,66,12.6,44,44,4,2,5,46.53,86.4,31.0,33.2,14.0,93368,9.16,15.81,0.107,5421,1.0,2006.6193853427897,negative
Female,64,15.5,45,49,4,2,4,49.49,85.0,27.5,32.5,13.5,265385,10.73,14.25,0.142,5935,0.9183673469387756,5362.396443726005,positive
Male,37,17.4,49,45,2,3,5,41.99,99.1,29.8,33.1,12.5,127969,10.91,17.08,0.158,5794,1.0888888888888888,3047.60657299357,positive
Female,35,12.1,43,42,2,4,5,41.35,98.5,31.8,32.7,11.6,128838,8.52,13.55,0.115,5416,1.0238095238095235,3115.792019347037,positive
Female,35,11.5,41,41,4,4,5,49.02,89.1,30.2,33.7,13.8,88734,8.67,17.15,0.177,5070,1.0,1810.15911872705,negative
Male,19,14.1,49,45,4,4,5,38.79,96.9,29.2,33.5,14.4,187187,9.58,16.01,0.174,5521,1.0888888888888888,4825.650940964166,positive
Male,21,12.1,48,40,3,3,5,43.17,89.0,28.6,32.7,13.7,179329,8.27,13.93,0.19,6653,1.2,4154.018994672226,positive
Male,47,16.0,49,46,3,4,5,45.08,88.5,30.9,33.4,11.1,223269,9.31,15.71,0.101,5501,1.065217391304348,4952.728482697427,positive
Female,50,17.0,46,46,3,4,5,45.84,83.1,33.5,34.4,11.9,148895,9.75,14.41,0.122,6473,1.0,3248.1457242582896,positive
Male,53,14.1,43,49,4,3,5,48.2,88.5,31.4,32.2,11.3,200424,9.57,14.62,0.183,6473,0.8775510204081632,4158.174273858921,positive
Female,35,13.1,42,46,4,2,5,42.97,90.7,26.6,32.1,13.3,267903,8.99,14.76,0.167,4735,0.9130434782608696,6234.652082848499,positive
Male,54,14.1,49,49,4,3,5,46.58,80.5,29.7,33.8,14.0,181255,9.63,13.32,0.189,6838,1.0,3891.2623443538,positive
Male,36,15.8,42,40,3,3,5,46.2,88.9,33.1,32.9,11.4,138073,10.88,17.93,0.106,6562,1.05,2988.5930735930733,negative
Male,64,11.6,48,43,4,3,5,45.67,95.6,26.8,30.4,14.4,283997,8.62,13.16,0.16,5152,1.1162790697674418,6218.458506678345,positive
Female,45,15.0,44,46,2,3,4,46.97,93.6,33.9,34.5,13.2,291560,9.96,16.31,0.157,5272,0.9565217391304348,6207.366404087716,negative
Female,57,15.2,42,48,4,2,4,41.63,92.7,33.6,30.2,13.8,295547,8.13,14.86,0.104,4740,0.875,7099.375450396348,negative
Male,37,15.3,44,44,4,4,5,39.19,98.2,26.6,33.7,14.9,261374,8.2,16.23,0.151,5862,1.0,6669.405460576678,negative
Male,66,13.0,41,41,4,3,5,39.67,80.4,33.5,33.8,11.3,95624,9.66,14.78,0.161,4130,1.0,2410.4865137383413,positive
Male,50,15.8,43,46,4,2,5,41.14,91.1,28.9,34.8,14.6,278343,8.31,16.37,0.119,5763,0.9347826086956522,6765.75109382596,positive
Female,29,12.0,49,49,4,4,4,45.0,95.7,32.8,30.3,11.5,104315,8.07,16.65,0.127,5712,1.0,2318.1111111111118,positive
Male,68,12.7,41,40,2,4,4,49.77,90.8,29.3,33.0,12.6,97422,8.51,16.45,0.164,4322,1.025,1957.444243520193,positive
Female,32,16.8,41,46,2,4,4,47.82,86.5,29.5,32.1,14.4,250209,9.69,13.57,0.147,4822,0.8913043478260869,5232.308657465495,positive
Male,58,15.9,47,45,4,3,5,49.05,82.7,31.1,31.7,14.6,152663,10.11,16.28,0.186,4542,1.0444444444444445,3112.395514780836,positive
Male,56,11.6,40,46,3,3,5,42.91,97.8,32.2,30.5,13.0,181216,8.61,14.4,0.134,6113,0.8695652173913043,4223.1647634584015,negative
Male,19,13.0,46,49,4,4,5,43.67,89.4,26.3,32.8,13.4,259304,10.0,13.14,0.127,6765,0.9387755102040816,5937.806274330203,positive
Male,46,12.8,44,42,4,4,5,43.51,97.6,30.7,32.4,13.8,289214,8.55,15.07,0.198,5855,1.0476190476190477,6647.069639163411,positive
Male,58,13.1,47,42,4,4,4,40.69,91.7,27.5,30.5,14.3,112743,9.84,15.17,0.191,6078,1.119047619047619,2770.779061194397,positive
Male,27,13.0,40,46,3,4,5,38.86,93.5,28.8,33.1,11.5,226708,9.24,15.34,0.103,4884,0.8695652173913043,5833.968090581575,negative
Female,19,11.9,46,41,3,4,4,46.27,96.1,28.8,33.7,14.2,90108,9.96,16.52,0.177,4190,1.1219512195121952,1947.438945320942,positive
Male,68,14.3,44,40,3,4,4,51.85,93.2,29.8,33.8,12.9,284706,10.99,14.54,0.111,4414,1.1,5490.954676952748,positive
Female,28,15.9,43,48,2,2,5,40.34,88.0,28.7,34.5,12.8,116180,10.81,14.58,0.103,5838,0.8958333333333334,2880.019831432821,positive
Male,30,15.1,46,48,3,4,4,38.65,90.3,26.9,32.0,12.7,98883,8.01,13.3,0.127,6794,0.9583333333333334,2558.421733505821,positive
Male,27,15.5,49,46,2,3,4,48.91,96.1,27.2,34.8,13.0,124400,10.66,16.43,0.127,5813,1.065217391304348,2543.4471478225314,positive
Female,31,12.0,41,46,2,3,4,41.54,87.5,26.3,34.3,14.8,257071,8.2,15.84,0.182,5760,0.8913043478260869,6188.517091959558,positive
Male,35,17.2,40,42,3,3,4,49.62,87.8,29.8,31.5,13.2,127951,10.86,14.75,0.171,5069,0.9523809523809524,2578.6174929463928,positive
Female,68,16.5,40,49,3,4,5,47.86,81.9,33.6,30.8,14.8,218232,8.85,16.53,0.198,5721,0.8163265306122449,4559.799414960301,positive
Female,26,16.3,40,41,3,3,5,51.24,98.3,26.9,32.2,11.7,135262,9.15,15.69,0.171,4374,0.975609756097561,2639.773614363778,positive
Male,56,16.4,44,46,2,2,4,43.72,81.8,33.6,32.0,13.9,231001,8.27,15.35,0.142,4557,0.9565217391304348,5283.64592863678,positive
Female,45,17.1,49,48,4,4,5,47.27,93.0,31.9,32.9,14.2,163133,8.34,15.56,0.17,5280,1.0208333333333333,3451.0894859318805,positive
Female,20,14.8,46,40,3,3,4,44.51,88.3,31.1,32.9,13.7,222195,10.18,16.18,0.2,5944,1.15,4992.02426421029,positive
Male,37,12.7,41,43,3,2,5,46.83,88.1,31.2,33.7,13.4,195106,10.83,16.3,0.171,5596,0.9534883720930232,4166.260943839419,positive
Female,23,15.2,49,45,3,2,5,44.29,93.6,32.6,32.5,13.3,239429,9.83,14.44,0.176,5128,1.0888888888888888,5405.938135019192,negative
Male,44,16.0,47,46,2,3,5,40.64,81.3,26.9,30.5,14.4,150496,10.15,13.7,0.194,5360,1.0217391304347827,3703.149606299212,positive
Male,19,15.9,43,49,2,2,5,45.11,91.9,30.0,34.3,14.3,244628,10.29,13.78,0.111,5324,0.8775510204081632,5422.921746841055,positive
Male,46,14.6,42,46,4,3,5,45.4,95.4,31.6,31.5,11.5,294863,8.79,16.2,0.17,5100,0.9130434782608696,6494.77973568282,positive
Male,55,11.9,49,49,3,2,4,49.35,96.6,30.7,34.9,14.4,141934,8.14,17.36,0.185,5534,1.0,2876.068895643364,positive
Female,20,13.7,47,41,2,4,5,48.3,83.4,32.7,30.6,12.7,158886,8.01,15.05,0.195,5253,1.146341463414634,3289.5652173913045,negative
Male,33,17.0,41,43,4,4,4,47.29,97.9,26.6,34.8,12.0,110881,9.05,13.85,0.121,5702,0.9534883720930232,2344.7028970183974,positive
Male,47,15.0,42,44,3,4,4,39.59,93.1,31.5,30.5,14.5,98409,8.72,16.78,0.15,6625,0.9545454545454546,2485.703460469816,positive
Female,57,14.7,42,40,2,4,5,48.09,97.6,30.3,31.2,12.7,266488,8.19,17.16,0.168,4031,1.05,5541.443127469328,positive
Male,19,13.1,49,40,3,4,4,45.0,89.7,29.0,30.2,14.2,178171,8.54,17.4,0.125,5631,1.225,3959.3555555555554,positive
Male,34,13.7,40,49,3,3,5,50.52,90.8,28.7,33.5,12.1,279054,8.37,16.03,0.16,4057,0.8163265306122449,5523.634204275534,positive
Female,58,16.9,45,42,2,4,4,50.88,98.4,31.0,34.3,11.0,241729,10.74,17.3,0.126,5127,1.0714285714285714,4750.963050314465,negative
Female,29,15.5,41,49,2,4,4,38.77,98.0,33.1,32.2,13.0,297815,8.42,13.08,0.133,4311,0.8367346938775511,7681.583698736135,positive
Female,52,16.2,40,42,2,4,5,49.49,89.0,30.0,34.6,11.4,128951,9.61,13.54,0.144,5752,0.9523809523809524,2605.597090321277,positive
Female,60,14.2,41,47,3,4,5,38.53,85.5,32.6,33.0,14.0,88752,9.78,13.46,0.153,6001,0.8723404255319149,2303.45185569686,positive
Female,18,15.3,45,48,3,2,5,43.14,87.9,29.2,33.2,12.1,197339,9.63,16.56,0.145,6737,0.9375,4574.385720908669,positive
Female,62,13.0,43,40,4,4,5,45.59,87.8,26.8,34.2,12.8,224512,8.3,13.35,0.149,5397,1.075,4924.588725597719,negative
Female,32,15.7,45,41,3,4,4,40.07,85.7,26.5,31.5,11.3,124864,8.96,15.48,0.13,5782,1.0975609756097562,3116.146743199401,negative
Male,43,14.1,48,49,2,3,5,48.45,85.4,26.4,31.8,12.1,260763,8.15,15.36,0.116,6282,0.979591836734694,5382.105263157894,negative
Female,54,14.2,49,41,3,2,4,38.12,97.2,29.0,34.5,14.1,152035,9.19,14.55,0.105,6690,1.195121951219512,3988.326337880378,positive
Female,38,15.4,49,43,4,3,4,40.36,81.4,28.7,34.5,11.6,166675,8.57,17.35,0.12,5412,1.1395348837209305,4129.707631318137,positive
Female,66,17.1,47,41,4,4,4,46.13,93.6,31.7,34.9,13.6,291375,9.68,13.85,0.158,5431,1.146341463414634,6316.38846737481,negative
Male,48,11.9,40,46,2,3,4,48.0,83.5,31.9,34.5,14.7,102343,10.08,14.76,0.179,4801,0.8695652173913043,2132.145833333333,negative
Male,42,16.4,47,48,2,3,4,50.83,86.9,26.4,30.6,13.7,99673,9.6,16.87,0.117,4238,0.9791666666666666,1960.9089120598076,positive
Female,40,13.3,48,46,4,4,4,47.88,81.2,27.8,34.1,14.2,271026,9.3,13.15,0.111,5775,1.0434782608695652,5660.526315789473,positive
Female,41,14.2,45,45,4,2,5,47.4,85.4,28.2,32.0,11.4,265770,9.16,16.36,0.175,5318,1.0,5606.962025316456,positive
Female,55,11.6,49,49,4,2,4,43.52,95.4,30.4,35.0,12.0,175024,10.53,17.08,0.131,4111,1.0,4021.691176470588,negative
Male,45,13.3,44,40,2,3,4,38.02,97.7,27.2,32.4,14.6,106520,8.66,17.66,0.195,6523,1.1,2801.6833245660177,positive
Male,38,14.5,45,49,4,4,4,39.68,84.4,27.1,32.8,13.9,95784,10.2,17.38,0.171,6351,0.9183673469387756,2413.9112903225805,positive
Female,60,11.8,45,48,4,3,5,45.48,89.3,33.6,32.6,13.6,197446,10.27,14.6,0.133,5328,0.9375,4341.380826737028,positive
Male,35,14.4,48,44,2,3,5,47.45,89.4,32.4,31.6,13.7,118079,9.26,15.93,0.129,4289,1.0909090909090908,2488.493150684931,positive
Female,53,17.1,43,44,3,3,4,43.84,97.5,27.4,30.4,12.7,124220,8.89,13.39,0.152,6255,0.9772727272727272,2833.4854014598536,positive
Male,52,12.1,41,45,3,4,5,48.23,95.3,29.3,34.5,11.2,231563,9.41,14.29,0.108,6915,0.9111111111111112,4801.22330499689,positive
Male,62,16.1,48,48,4,4,4,45.31,90.3,28.8,34.0,14.1,192878,8.28,13.47,0.112,5809,1.0,4256.852791878172,positive
Female,26,14.0,41,47,3,2,5,39.04,93.4,32.3,30.7,13.7,196583,8.14,14.58,0.118,4581,0.8723404255319149,5035.425204918033,positive
Female,55,15.4,49,47,3,4,4,40.69,96.9,30.1,33.9,12.9,128720,8.33,17.38,0.177,4369,1.0425531914893618,3163.4308183828957,negative
Female,47,13.1,48,47,3,3,5,49.76,80.2,27.0,33.1,14.6,94718,8.56,14.74,0.151,4219,1.0212765957446808,1903.4967845659164,positive
Female,61,12.5,41,40,3,3,5,48.15,88.1,31.9,32.0,12.3,246669,9.51,15.81,0.101,6849,1.025,5122.928348909658,positive
Male,51,12.5,47,40,4,2,5,50.53,98.1,29.2,31.3,12.2,141217,10.55,15.17,0.167,6866,1.175,2794.716010290916,positive
Male,49,11.9,48,47,3,4,4,39.65,94.8,28.1,34.3,14.5,180668,8.71,15.29,0.142,5896,1.0212765957446808,4556.56998738966,positive
Male,20,12.6,49,44,3,3,4,51.86,90.9,29.0,33.5,14.2,237904,10.81,17.85,0.151,4348,1.1136363636363635,4587.427689934439,positive
Female,20,15.5,48,48,2,2,4,40.93,90.6,30.0,32.7,13.1,265890,10.86,14.48,0.121,6302,1.0,6496.213046665038,positive
Male,45,16.8,49,41,4,2,5,38.16,87.0,28.7,33.0,11.5,223936,10.88,16.14,0.155,4451,1.195121951219512,5868.343815513627,positive
Female,61,16.4,48,48,2,3,5,51.96,90.4,27.9,30.5,11.9,168378,10.51,15.1,0.198,6189,1.0,3240.5311778290998,positive
Male,32,15.6,41,47,2,3,4,41.94,93.1,29.2,32.4,13.6,88177,9.09,13.31,0.107,4088,0.8723404255319149,2102.455889365761,positive
Female,58,12.2,43,48,4,4,5,47.35,88.4,26.2,31.0,12.5,257187,8.22,15.45,0.128,4870,0.8958333333333334,5431.615628299895,negative
Female,40,13.2,46,43,3,2,4,40.47,94.3,32.2,31.0,14.3,202318,9.71,17.07,0.124,5159,1.069767441860465,4999.209290832716,positive
Male,57,13.4,41,40,2,3,4,46.12,97.2,27.4,33.3,14.8,267282,9.68,13.49,0.125,6042,1.025,5795.359930615785,negative
Female,28,13.0,40,40,4,2,4,50.66,83.1,26.4,34.6,14.2,263026,10.55,13.35,0.138,5874,1.0,5191.985787603632,positive
Female,65,14.6,42,44,3,4,4,42.48,89.0,31.2,32.0,12.5,191145,10.99,13.77,0.182,4522,0.9545454545454546,4499.646892655368,positive
Male,49,14.7,43,41,4,3,5,47.38,88.2,32.2,31.0,14.2,222916,9.52,16.82,0.191,6707,1.048780487804878,4704.854368932039,negative
Female,53,13.6,47,47,2,4,5,40.63,93.7,32.5,33.2,12.4,285202,9.04,16.62,0.12,6998,1.0,7019.49298547871,negative
Female,50,13.6,45,49,3,2,5,46.75,85.0,29.9,34.4,11.7,93418,8.56,15.83,0.154,4909,0.9183673469387756,1998.2459893048128,positive
Female,41,16.5,41,44,3,4,4,42.71,92.8,27.6,33.7,11.1,245926,8.01,15.34,0.164,4441,0.9318181818181818,5758.042612971201,positive
Male,56,16.2,48,44,4,4,5,40.96,97.5,31.9,34.3,12.5,299716,9.53,17.44,0.152,4037,1.0909090909090908,7317.28515625,positive
Male,51,13.3,41,41,3,2,4,42.38,88.4,31.6,32.7,14.6,287027,9.67,16.83,0.143,5880,1.0,6772.699386503067,positive
Female,45,17.0,44,46,2,4,4,40.5,98.2,28.0,33.8,12.0,168075,10.47,17.06,0.119,4209,0.9565217391304348,4150.0,positive
Male,54,17.2,43,47,2,2,4,50.63,99.9,33.2,30.7,11.8,255022,9.51,17.07,0.149,6560,0.9148936170212766,5036.9741260122455,positive
Female,24,13.5,46,49,2,3,4,43.56,82.1,26.8,31.7,14.9,145227,10.75,16.21,0.14,5600,0.9387755102040816,3333.953168044077,positive
Female,21,13.6,47,40,4,2,4,41.43,84.7,33.9,31.9,11.1,223907,9.88,15.29,0.18,4980,1.175,5404.465363263335,positive
Female,54,14.5,44,41,3,2,4,44.28,99.0,32.9,32.6,14.1,97533,10.52,17.32,0.176,4380,1.0731707317073171,2202.642276422764,positive
Female,18,17.1,49,49,3,3,5,42.49,99.2,31.5,34.6,12.3,181457,8.44,17.63,0.113,6875,1.0,4270.581313250176,negative
Female,18,16.8,44,43,3,2,5,48.42,82.0,33.5,34.4,11.1,187504,10.57,13.12,0.109,5560,1.0232558139534884,3872.449401073936,negative
Male,64,12.1,41,44,2,3,5,51.6,80.3,31.8,30.7,14.7,298930,10.03,13.26,0.191,6906,0.9318181818181818,5793.217054263566,positive
Female,37,13.9,47,41,3,3,5,44.13,83.2,27.5,30.9,11.6,221295,8.51,17.79,0.154,4393,1.146341463414634,5014.615907545887,positive
Male,36,14.8,41,40,2,2,4,50.05,99.9,29.5,31.8,13.2,204202,8.57,14.39,0.186,5073,1.025,4079.96003996004,positive
Male,46,14.5,49,48,3,4,4,45.92,83.6,26.6,31.5,12.1,90273,10.78,17.37,0.106,4395,1.0208333333333333,1965.8754355400697,positive
Female,27,12.7,45,40,2,4,5,40.2,90.1,29.1,33.1,11.3,113519,8.1,14.94,0.153,5776,1.125,2823.8557213930344,positive
Female,35,16.7,47,43,3,3,5,47.67,97.0,31.9,34.5,11.2,235232,9.39,13.6,0.154,6079,1.0930232558139534,4934.591986574365,positive
Male,45,15.6,45,41,4,4,5,45.19,80.4,29.1,34.8,11.5,207024,8.94,13.4,0.186,4544,1.0975609756097562,4581.190528878071,negative
Male,52,16.5,43,43,4,4,5,47.11,92.1,28.6,33.3,11.3,285457,10.0,13.78,0.11,6759,1.0,6059.371683294417,negative
Male,60,16.7,43,47,2,2,5,50.46,85.5,30.8,34.2,14.0,204540,10.52,14.25,0.124,5084,0.9148936170212766,4053.507728894173,negative
Female,64,16.0,45,47,2,3,5,44.17,97.2,33.0,32.6,12.9,260060,9.08,15.44,0.141,4552,0.9574468085106383,5887.706588182024,negative
Male,48,14.1,43,48,3,3,5,50.62,85.7,26.4,31.0,12.4,221420,9.28,16.51,0.187,5464,0.8958333333333334,4374.160410904781,positive
Female,44,15.2,47,44,3,2,5,48.51,93.7,29.1,32.6,12.7,163460,10.95,17.93,0.194,5153,1.068181818181818,3369.6145124716554,positive
Female,28,12.5,48,46,4,4,4,44.84,93.5,27.3,32.8,14.7,184471,10.35,15.21,0.199,5377,1.0434782608695652,4113.983050847457,positive
Female,66,15.5,40,42,3,3,4,46.45,84.4,31.6,33.7,14.6,184668,10.69,15.59,0.196,6245,0.9523809523809524,3975.629709364908,positive
Male,66,12.6,43,49,2,4,4,42.56,80.7,26.8,31.1,13.9,147519,9.32,15.61,0.101,6846,0.8775510204081632,3466.141917293233,negative
Female,55,15.7,43,43,2,3,4,51.77,88.2,31.3,31.8,14.5,170426,8.7,15.7,0.105,5686,1.0,3291.98377438671,negative
Female,22,12.9,41,49,2,3,5,47.34,85.8,28.3,31.8,12.3,94629,9.24,15.59,0.115,5739,0.8367346938775511,1998.9226869455008,positive
Female,25,12.2,45,48,2,3,4,38.61,96.2,27.6,34.8,12.5,129056,10.15,13.04,0.135,4693,0.9375,3342.5537425537427,negative
Female,51,12.5,42,49,2,3,5,42.57,96.0,33.5,32.2,13.5,91273,8.33,13.01,0.183,6194,0.8571428571428571,2144.0685929058022,positive
Female,65,11.5,46,49,4,4,4,46.73,89.1,26.1,33.8,13.5,200484,8.81,13.49,0.189,5739,0.9387755102040816,4290.263214209288,positive
Male,69,15.8,44,40,4,4,5,38.79,92.1,29.5,33.8,12.9,177275,8.14,13.51,0.119,4497,1.1,4570.121165248776,positive
Female,29,15.9,43,41,2,4,5,38.33,92.1,26.2,31.3,12.6,251488,9.3,16.52,0.162,6095,1.048780487804878,6561.127054526481,positive
Female,55,14.6,44,44,3,4,4,44.3,96.5,29.9,32.9,14.9,218966,10.48,14.02,0.192,6817,1.0,4942.799097065463,positive
Male,18,12.5,47,42,2,2,4,42.66,88.5,30.0,34.5,14.3,126073,8.07,17.47,0.146,6698,1.119047619047619,2955.297702766057,positive
Female,48,12.0,42,41,4,3,5,44.14,85.5,28.6,32.4,12.7,125693,10.03,17.64,0.11,5195,1.024390243902439,2847.5985500679653,positive
Male,21,11.6,46,40,2,3,5,41.68,85.3,27.1,34.7,13.9,262538,10.8,17.88,0.146,4612,1.15,6298.896353166987,positive
Female,66,12.5,45,49,4,3,5,40.31,90.7,29.0,31.1,12.1,104343,8.71,17.7,0.138,6746,0.9183673469387756,2588.5140163731085,positive
Male,62,16.8,40,42,4,2,4,47.65,89.0,31.4,30.4,11.4,123095,10.08,14.36,0.158,5338,0.9523809523809524,2583.3158447009446,positive
Male,67,12.9,46,40,2,4,4,45.2,88.8,32.3,34.5,12.4,242246,10.93,15.55,0.144,4375,1.15,5359.424778761062,positive
Female,22,13.6,46,40,2,3,5,40.8,81.8,30.2,34.2,12.6,261873,10.89,13.88,0.102,4805,1.15,6418.455882352941,positive
Female,47,12.1,40,40,3,4,4,42.47,94.4,30.7,35.0,11.1,202388,8.7,17.03,0.199,4920,1.0,4765.434424299506,positive
Female,41,12.8,48,47,4,4,5,46.29,84.3,27.6,33.4,14.3,283508,8.3,17.44,0.154,4874,1.0212765957446808,6124.605746381508,positive
Male,20,14.6,45,42,3,2,4,39.01,83.9,28.3,34.7,12.4,194441,8.44,17.26,0.147,6857,1.0714285714285714,4984.388618303,positive
Male,28,15.1,41,40,2,2,4,40.06,88.3,27.3,34.1,13.3,280408,10.11,15.17,0.195,5443,1.025,6999.700449326011,positive
Male,62,13.0,44,46,4,4,4,39.03,84.6,28.0,34.2,11.3,180782,10.18,16.79,0.116,6952,0.9565217391304348,4631.872918267999,negative
Female,21,11.8,43,49,3,3,4,49.37,91.7,27.8,32.8,11.7,253998,10.02,13.49,0.119,5419,0.8775510204081632,5144.784281952603,positive
Male,43,13.8,46,42,3,3,4,48.53,87.4,30.2,31.9,14.6,152590,9.01,13.2,0.181,5545,1.0952380952380951,3144.240675870596,positive
Male,44,12.9,47,47,3,2,5,48.55,89.0,30.5,34.7,13.4,249899,8.51,16.77,0.126,5210,1.0,5147.25025746653,positive
Female,63,12.8,40,43,2,2,5,48.03,90.7,33.6,32.2,14.8,188263,9.74,15.13,0.18,5005,0.9302325581395348,3919.696023318759,positive
Male,60,17.3,44,43,2,2,4,47.37,84.1,27.6,32.7,15.0,255847,9.45,17.98,0.127,6080,1.0232558139534884,5401.0344099641125,positive
Male,44,15.2,42,44,2,2,5,44.68,83.1,31.1,32.2,12.5,252273,10.19,13.49,0.103,6116,0.9545454545454546,5646.217547000895,positive
Female,59,14.8,40,45,4,2,5,46.99,97.6,32.5,32.8,12.2,109373,9.32,17.28,0.152,4591,0.8888888888888888,2327.5803362417537,negative
Male,68,14.0,42,46,2,2,4,38.54,88.7,30.5,32.4,14.4,107525,9.02,15.4,0.12,5214,0.9130434782608696,2789.95848469123,positive
Female,67,14.1,45,43,4,2,5,46.7,88.2,28.0,30.2,15.0,207716,8.88,17.14,0.176,6148,1.0465116279069768,4447.880085653104,positive
Female,23,14.7,46,47,3,3,4,48.89,80.7,28.1,34.4,13.5,184513,8.63,17.09,0.164,5508,0.9787234042553192,3774.0437717324608,positive
Female,32,15.7,47,45,3,2,5,45.01,90.0,26.3,32.2,14.2,283723,8.8,17.58,0.192,5308,1.0444444444444445,6303.554765607643,positive
Female,47,15.7,43,40,2,2,5,43.01,91.1,28.4,32.9,14.1,209401,8.28,14.49,0.178,4913,1.075,4868.6584515229015,positive
Female,59,12.5,42,40,3,3,5,41.88,91.2,32.0,30.7,12.4,176643,9.04,17.75,0.118,6780,1.05,4217.836676217765,positive
Male,54,14.5,44,48,2,3,5,47.0,94.1,26.4,30.0,13.3,241558,8.11,13.76,0.18,4389,0.9166666666666666,5139.531914893617,positive
Male,54,14.0,48,49,4,4,5,47.7,83.5,27.8,31.2,14.3,289676,8.56,13.41,0.164,4159,0.979591836734694,6072.872117400419,negative
Female,59,16.7,45,45,3,2,5,50.19,85.0,31.6,33.5,13.8,229712,10.24,15.16,0.167,4891,1.0,4576.847977684798,positive
Female,54,15.3,48,49,2,2,5,42.79,96.2,32.3,30.5,11.1,177694,8.98,17.14,0.183,5070,0.979591836734694,4152.699228791774,positive
Male,52,14.7,45,47,3,2,4,48.78,98.9,29.6,34.5,12.3,272527,10.0,15.37,0.157,5469,0.9574468085106383,5586.859368593686,positive
Female,40,12.2,41,46,3,2,4,45.86,82.7,31.6,31.1,11.6,116136,10.15,17.15,0.147,4695,0.8913043478260869,2532.4029655473178,negative
Female,23,15.1,44,45,2,4,4,50.36,90.0,29.1,31.0,11.9,273497,9.74,16.65,0.164,4757,0.9777777777777776,5430.837966640191,positive
Female,21,12.2,48,43,3,3,4,45.39,84.3,27.3,30.9,14.6,136539,10.88,14.05,0.13,6570,1.1162790697674418,3008.1295439524124,positive
Male,35,13.5,47,46,3,3,5,45.25,81.2,29.2,30.1,11.1,292736,8.06,17.74,0.118,6779,1.0217391304347827,6469.303867403315,positive
Male,26,12.4,46,48,3,2,5,46.09,86.5,30.6,33.9,11.9,236014,10.22,13.3,0.162,6202,0.9583333333333334,5120.720329789542,negative
Female,66,15.7,40,49,3,2,5,48.49,82.9,33.6,34.4,12.2,148363,10.88,17.49,0.123,4338,0.8163265306122449,3059.661785935244,positive
Female,46,12.7,43,49,4,2,4,51.51,94.2,26.6,33.1,13.5,269668,10.59,14.52,0.108,5976,0.8775510204081632,5235.255290234906,positive
Male,30,13.9,46,46,3,4,4,39.03,90.7,30.1,30.9,13.1,161526,8.5,15.5,0.1,4794,1.0,4138.508839354343,negative
Male,64,16.9,46,40,3,4,4,38.75,82.9,28.6,31.4,11.9,115255,8.98,15.11,0.161,5722,1.15,2974.322580645161,positive
Female,69,12.7,45,49,2,3,5,51.13,80.2,30.1,32.4,11.7,273201,8.52,13.86,0.136,5597,0.9183673469387756,5343.262272638372,positive
Female,34,14.5,47,48,4,2,4,45.42,96.2,26.2,34.8,11.9,296595,9.8,14.79,0.175,4898,0.9791666666666666,6530.052840158521,positive
Male,62,14.0,45,43,2,2,5,46.61,83.5,28.5,31.2,13.0,198209,10.14,13.96,0.138,5167,1.0465116279069768,4252.499463634414,positive
Male,49,11.6,49,42,2,2,4,44.75,92.1,32.6,33.7,12.1,273358,8.95,14.02,0.149,4102,1.1666666666666667,6108.558659217877,positive
Male,65,16.3,42,43,2,2,5,39.31,86.7,30.4,32.2,14.8,166437,9.62,13.94,0.141,6859,0.9767441860465116,4233.960824217756,negative
Female,39,11.9,43,43,4,4,4,48.75,91.7,29.6,31.5,12.9,227349,10.07,15.45,0.165,4092,1.0,4663.569230769231,positive
Male,21,14.3,42,49,2,3,5,48.46,86.3,28.3,32.3,11.2,212715,9.26,16.99,0.136,4974,0.8571428571428571,4389.496491952125,negative
Female,22,14.9,40,41,2,3,4,42.36,81.7,28.4,30.4,13.9,195900,10.56,15.84,0.196,5447,0.975609756097561,4624.645892351275,positive
Male,54,15.3,49,40,2,4,4,42.29,84.5,29.1,34.0,12.3,103729,10.31,17.47,0.194,4118,1.225,2452.802080870182,negative
Male,58,15.6,44,49,3,2,5,49.73,83.8,32.7,31.2,13.6,297695,8.19,16.18,0.185,6032,0.8979591836734694,5986.225618339031,positive
Male,66,13.0,40,40,2,3,5,39.01,88.6,33.7,33.6,12.1,101818,9.86,16.45,0.192,6076,1.0,2610.0487054601385,positive
Male,30,11.6,40,47,4,3,4,50.34,93.2,29.5,30.3,13.3,145555,8.71,16.34,0.145,5534,0.851063829787234,2891.438220103297,positive
Female,51,15.8,41,41,4,4,5,41.59,85.3,29.1,34.8,14.1,178979,9.67,15.25,0.154,6919,1.0,4303.414282279394,negative
Female,62,14.7,43,49,3,2,4,46.3,80.2,32.8,31.0,14.7,133629,10.87,16.45,0.174,5389,0.8775510204081632,2886.155507559396,positive
Male,39,16.5,45,44,4,3,5,51.1,90.4,29.4,34.4,12.0,195296,10.64,13.35,0.17,6847,1.0227272727272727,3821.839530332681,positive
Female,40,16.4,47,43,4,2,4,47.49,92.1,30.4,34.0,12.3,135438,9.21,17.3,0.189,4474,1.0930232558139534,2851.9267214150345,positive
Male,68,16.6,42,47,3,3,5,43.8,99.3,27.8,34.8,12.9,89457,8.87,16.89,0.172,6610,0.8936170212765957,2042.3972602739727,positive
Male,20,14.4,40,41,2,4,4,47.65,91.8,31.9,32.4,14.7,270701,8.7,14.23,0.2,4434,0.975609756097561,5681.02833158447,positive
Male,59,13.5,42,49,3,2,4,42.82,89.4,30.3,33.6,14.6,113922,9.6,16.84,0.135,6851,0.8571428571428571,2660.485754320411,positive
Male,51,16.2,42,48,2,4,4,41.88,91.5,32.5,31.9,11.4,220892,8.34,13.06,0.183,5257,0.875,5274.40305635148,positive
Female,49,14.2,44,46,2,3,5,51.95,98.6,32.2,30.9,11.5,243822,9.65,14.09,0.17,4054,0.9565217391304348,4693.39749759384,positive
Male,62,12.6,43,46,4,4,4,48.51,96.6,27.7,32.2,13.0,188122,8.0,13.33,0.169,4930,0.9347826086956522,3878.004535147392,negative
Male,68,16.6,43,40,3,4,5,47.03,86.5,31.7,30.8,11.4,182020,8.97,16.9,0.133,5315,1.075,3870.295556028067,positive
Female,66,16.8,48,41,4,4,5,42.97,84.7,32.4,34.9,12.4,248862,8.66,16.78,0.179,6799,1.170731707317073,5791.528973702583,positive
Male,38,14.3,46,43,4,3,5,38.69,85.3,28.8,30.5,11.6,168405,10.91,17.07,0.19,4311,1.069767441860465,4352.675109847506,negative
Male,63,12.0,43,43,2,2,4,38.43,90.1,27.4,32.9,13.5,196130,10.18,13.02,0.122,5571,1.0,5103.564923237054,positive
Male,61,13.8,42,42,4,4,5,45.76,94.9,26.0,33.1,14.8,245493,9.05,15.51,0.163,4956,1.0,5364.794580419581,positive
Female,38,16.3,45,46,3,2,5,48.67,90.1,29.6,32.7,15.0,148038,8.28,16.52,0.139,6365,0.9782608695652174,3041.668378878159,positive
Male,61,16.9,42,47,4,3,5,45.52,81.4,28.8,33.3,12.5,293273,9.55,13.78,0.199,5900,0.8936170212765957,6442.728471001757,positive
Female,28,12.7,45,41,4,2,4,49.77,94.5,30.4,30.6,13.4,142325,8.64,16.25,0.148,4756,1.0975609756097562,2859.6544102873213,positive
Male,56,11.9,48,43,2,4,5,38.47,96.1,27.5,32.8,14.4,105600,9.61,13.42,0.123,6512,1.1162790697674418,2744.996100857811,positive
Male,21,16.8,45,42,3,4,5,43.13,85.8,32.9,31.4,11.5,240466,10.51,13.91,0.138,5432,1.0714285714285714,5575.376767910967,positive
Female,68,13.8,43,41,4,4,5,41.32,93.3,28.1,34.7,13.8,290694,9.85,15.38,0.165,5263,1.048780487804878,7035.188770571152,positive
Male,18,14.8,44,45,2,4,5,44.26,88.5,27.8,33.8,12.6,247243,9.9,16.27,0.108,5855,0.9777777777777776,5586.150022593764,positive
Male,45,17.3,45,43,4,4,4,39.01,97.8,29.8,34.9,11.8,141526,9.62,13.73,0.16,6747,1.0465116279069768,3627.941553447834,positive
Female,41,11.9,42,45,3,4,4,51.36,96.9,30.0,30.2,12.6,93149,10.78,13.93,0.193,6782,0.9333333333333332,1813.648753894081,negative
Female,52,15.4,47,41,4,3,5,41.13,90.5,27.7,31.4,11.3,241466,10.8,14.02,0.185,5093,1.146341463414634,5870.799902747386,positive
Female,30,11.9,43,43,4,3,5,50.91,93.8,28.2,31.0,13.8,225468,9.54,14.19,0.107,6786,1.0,4428.756629345905,positive
Female,64,13.8,47,45,2,3,5,43.96,97.7,27.4,30.1,12.0,234396,8.92,14.13,0.199,6815,1.0444444444444445,5332.029117379436,positive
Female,51,16.3,49,44,4,2,5,51.8,89.9,31.7,31.2,12.2,258270,9.38,14.98,0.17,4743,1.1136363636363635,4985.907335907336,negative
Male,28,14.1,49,42,2,2,4,45.76,86.3,32.2,33.4,11.5,293777,8.56,16.27,0.116,6323,1.1666666666666667,6419.951923076924,positive
Female,53,17.5,42,47,3,3,4,51.03,95.1,29.7,31.2,14.5,192168,9.91,15.19,0.101,4232,0.8936170212765957,3765.784832451499,positive
Male,68,14.9,49,46,4,2,4,38.07,84.4,31.7,32.5,13.0,189813,9.5,16.88,0.117,6101,1.065217391304348,4985.894405043341,negative
Male,34,13.4,46,42,3,2,4,48.48,87.8,31.9,34.4,13.3,171779,8.31,16.6,0.184,4256,1.0952380952380951,3543.296204620462,positive
Male,52,12.8,48,45,3,4,5,50.64,97.3,27.1,33.5,13.3,242088,8.59,13.63,0.102,6028,1.0666666666666669,4780.568720379147,positive
Female,35,13.6,43,43,4,4,5,39.96,94.5,33.7,32.0,12.6,214266,9.44,13.24,0.123,6137,1.0,5362.012012012012,positive
Female,57,13.7,47,44,2,2,4,39.35,88.1,32.6,31.9,11.8,112398,10.66,17.39,0.176,5761,1.068181818181818,2856.3659466327827,positive
Male,39,11.9,42,44,3,2,4,43.94,84.3,27.6,32.3,14.0,84789,9.7,13.4,0.159,5929,0.9545454545454546,1929.654073736914,negative
Female,41,13.7,46,46,3,3,5,51.07,87.1,27.5,30.9,11.5,296767,10.04,13.74,0.178,5458,1.0,5810.984922655179,positive
Female,36,14.3,42,44,4,2,5,45.59,85.7,27.0,33.2,11.4,144967,9.02,13.11,0.175,5648,0.9545454545454546,3179.798201359947,positive
Female,54,15.8,46,42,4,4,5,45.38,83.5,27.1,31.8,13.8,272206,9.71,16.14,0.105,4407,1.0952380952380951,5998.369325694138,positive
Female,56,15.4,49,49,4,2,5,39.98,94.9,32.0,34.3,11.8,281958,9.34,15.91,0.189,5692,1.0,7052.47623811906,positive
Male,38,15.8,49,44,4,3,5,38.01,85.0,29.8,33.8,12.2,178837,9.98,17.93,0.123,5977,1.1136363636363635,4704.998684556696,positive
Male,25,11.6,45,46,4,4,4,49.34,89.1,32.3,33.1,12.9,236049,8.15,17.43,0.155,6413,0.9782608695652174,4784.13052290231,negative
Female,45,12.8,41,44,4,4,4,39.23,87.7,32.0,31.8,12.8,181967,9.48,15.05,0.164,6398,0.9318181818181818,4638.4654601070615,positive
Male,22,15.5,42,44,2,4,5,46.87,99.6,30.8,31.0,13.8,211201,8.89,14.86,0.117,5322,0.9545454545454546,4506.101984211649,negative
Female,34,14.4,45,48,3,4,5,50.8,87.8,31.5,33.9,13.5,139683,8.98,14.48,0.198,5929,0.9375,2749.665354330709,positive
Female,54,11.5,43,42,2,2,4,40.92,81.6,26.1,32.4,13.6,125331,10.88,13.76,0.149,5182,1.0238095238095235,3062.82991202346,positive
Male,53,16.3,45,45,2,3,5,47.31,81.8,28.5,31.1,13.9,114626,8.55,13.69,0.106,6534,1.0,2422.87042908476,positive
Male,36,16.1,40,40,4,2,4,39.1,91.8,31.1,31.0,12.2,259575,8.93,13.66,0.194,4841,1.0,6638.746803069053,negative
Male,44,14.8,49,49,3,2,4,46.45,92.0,26.1,30.8,12.3,238621,9.53,13.57,0.159,4983,1.0,5137.158234660926,positive
Female,51,11.9,40,44,2,4,4,40.3,88.4,26.3,33.9,12.8,92342,10.59,14.2,0.17,5760,0.9090909090909092,2291.3647642679903,positive
Male,28,16.1,42,47,4,3,4,48.3,88.6,32.8,31.1,12.2,116417,9.25,14.53,0.153,5378,0.8936170212765957,2410.289855072464,positive
Female,62,15.0,47,44,4,4,5,42.22,81.1,31.5,32.6,14.9,287586,10.23,17.81,0.183,4620,1.068181818181818,6811.605873993368,positive
Male,64,16.2,47,48,3,2,5,44.49,90.3,28.1,32.3,14.3,263321,10.57,15.89,0.103,4929,0.9791666666666666,5918.655877725331,positive
Male,29,16.0,43,45,2,2,4,46.39,90.1,31.5,32.9,11.7,132664,8.93,17.94,0.127,6448,0.9555555555555556,2859.7542573830565,positive
Female,38,16.3,45,47,2,4,5,40.4,83.0,32.3,34.4,11.0,88833,9.18,14.86,0.147,5730,0.9574468085106383,2198.8366336633662,positive
Female,28,14.6,47,49,2,2,5,48.38,82.1,28.5,34.3,11.2,140658,9.07,15.29,0.108,6617,0.9591836734693876,2907.3584125671764,positive
Female,56,12.3,46,47,4,2,5,42.24,82.5,26.3,32.3,12.0,240545,10.5,14.62,0.171,4974,0.9787234042553192,5694.720643939394,positive
Female,45,15.5,46,42,3,4,5,47.27,82.0,33.5,30.1,11.5,211809,8.13,13.91,0.139,4391,1.0952380952380951,4480.833509625555,positive
Female,22,15.2,43,46,3,2,4,40.22,92.2,28.8,32.1,13.1,174965,8.93,13.72,0.127,4351,0.9347826086956522,4350.198906016907,positive
Female,34,16.0,48,46,2,3,5,47.63,83.9,26.9,33.0,14.4,257719,10.04,17.73,0.1,6853,1.0434782608695652,5410.854503464203,positive
Female,37,12.5,49,49,4,4,4,39.79,85.0,29.9,32.8,13.9,144054,9.7,17.93,0.172,5689,1.0,3620.356873586328,positive
Female,58,12.7,45,45,2,3,4,43.95,83.5,32.1,33.3,11.9,81299,9.31,13.22,0.183,4575,1.0,1849.806598407281,positive
Male,63,16.8,42,46,3,2,5,41.46,99.2,27.8,30.8,12.6,274353,9.62,13.75,0.14,5693,0.9130434782608696,6617.293777134588,positive
Female,29,16.0,44,41,4,2,4,48.48,97.1,28.2,33.2,13.0,145875,8.59,15.12,0.156,6824,1.0731707317073171,3008.972772277228,positive
Female,23,16.9,44,48,2,4,5,41.67,84.6,27.9,30.9,14.2,243992,9.29,13.93,0.123,6680,0.9166666666666666,5855.339572834173,positive
Male,34,16.1,44,49,2,2,5,50.34,86.6,33.9,33.8,14.4,265908,9.51,14.82,0.162,5311,0.8979591836734694,5282.240762812872,positive
Female,68,15.1,47,49,4,4,4,50.49,84.2,27.6,31.7,14.6,253453,10.7,13.65,0.101,4522,0.9591836734693876,5019.86531986532,positive
Male,36,15.4,48,40,3,4,5,40.75,89.8,30.6,33.5,13.0,194286,8.78,15.28,0.149,4725,1.2,4767.754601226994,positive
Male,43,16.8,48,40,4,4,4,46.59,80.4,33.4,30.2,13.8,296043,10.6,14.36,0.164,4161,1.2,6354.217643271088,positive
Female,65,15.0,45,42,2,4,4,39.23,93.4,27.2,32.0,11.4,178730,9.93,14.76,0.192,5937,1.0714285714285714,4555.952077491716,negative
Male,61,15.3,45,42,2,4,5,43.48,90.5,33.8,33.5,13.3,136298,8.06,13.47,0.138,4658,1.0714285714285714,3134.728610855566,positive
Female,61,12.4,48,40,2,3,5,47.99,98.0,33.6,31.1,12.0,235581,10.17,15.14,0.177,6897,1.2,4908.960200041675,positive
Male,69,14.3,43,46,2,4,5,47.23,83.3,33.1,34.0,12.7,201035,8.11,17.92,0.16,5572,0.9347826086956522,4256.510692356554,positive
Male,49,15.8,45,43,3,3,4,46.75,96.1,27.7,33.2,13.5,253167,10.99,14.64,0.193,6129,1.0465116279069768,5415.336898395722,positive
Male,23,13.1,43,49,3,2,5,41.96,95.8,31.1,32.9,12.0,262596,10.62,17.38,0.14,4523,0.8775510204081632,6258.245948522403,positive
Female,53,12.7,40,41,2,4,4,43.29,82.5,32.1,31.8,11.2,189825,8.89,17.22,0.132,4003,0.975609756097561,4384.961884961885,positive
Female,55,13.4,46,49,3,2,4,39.44,88.0,33.9,32.4,11.0,195637,8.77,17.76,0.189,6542,0.9387755102040816,4960.370182555781,negative
Male,28,12.9,49,44,3,4,5,48.07,83.4,27.4,33.0,11.1,277981,9.14,16.95,0.105,5578,1.1136363636363635,5782.837528604119,positive
Male,50,12.8,45,45,3,3,5,45.05,85.1,32.1,32.4,11.0,152618,9.07,16.3,0.114,5074,1.0,3387.7469478357384,negative
Female,41,14.0,48,48,2,3,5,47.92,85.3,28.7,33.5,11.4,105532,9.12,17.28,0.108,5284,1.0,2202.253756260434,positive
Female,40,16.9,46,43,4,3,4,41.49,91.1,27.4,32.2,12.0,188197,8.95,13.38,0.184,5622,1.069767441860465,4535.960472402989,positive
Male,32,14.5,46,41,4,2,5,42.54,88.2,29.4,31.0,11.9,210860,9.86,15.31,0.101,6615,1.1219512195121952,4956.746591443348,positive
Male,44,12.6,41,44,4,4,4,42.68,99.0,32.4,31.1,14.9,140285,8.49,17.95,0.186,4877,0.9318181818181818,3286.9025304592315,negative
Female,28,12.0,48,42,2,2,5,38.36,82.5,29.7,30.0,12.2,98866,10.54,16.85,0.145,5091,1.1428571428571428,2577.320125130344,negative
Female,68,15.7,49,41,3,3,5,42.77,99.5,30.3,31.5,11.5,218665,10.44,17.81,0.1,6911,1.195121951219512,5112.5789104512505,positive
Female,67,13.8,48,40,3,2,4,49.25,84.6,34.0,33.7,13.2,89495,9.43,16.9,0.14,5166,1.2,1817.1573604060916,positive
Female,34,16.4,45,49,2,3,4,50.56,95.5,29.2,34.0,14.4,87837,10.56,17.37,0.119,5577,0.9183673469387756,1737.2824367088606,positive
Female,68,15.5,42,41,2,3,5,45.26,86.8,30.9,31.0,13.7,287780,8.74,16.53,0.162,5674,1.024390243902439,6358.373840035351,positive
Male,31,16.3,40,45,4,3,5,44.38,82.9,28.9,34.8,12.2,229752,8.05,16.8,0.168,5608,0.8888888888888888,5176.926543488057,negative
Female,44,13.1,43,47,4,4,5,38.43,97.2,29.1,32.5,13.2,266548,9.86,15.62,0.149,6826,0.9148936170212766,6935.935467083008,negative
Male,35,15.7,42,42,2,4,5,50.31,86.2,31.6,34.6,13.9,110346,9.37,17.62,0.104,5217,1.0,2193.321407274896,negative
Female,45,13.1,40,48,4,3,5,38.18,93.2,33.5,33.5,13.9,188621,9.7,17.13,0.166,5690,0.8333333333333334,4940.309062336301,positive
Male,68,17.1,42,48,3,2,4,51.23,91.3,30.3,33.6,13.7,103412,10.7,17.22,0.184,4313,0.875,2018.5828616045287,negative
Female,64,15.3,43,41,2,2,4,44.85,89.4,32.1,30.4,14.5,299471,10.91,16.37,0.172,4729,1.048780487804878,6677.168338907469,negative
Female,64,13.4,47,47,2,4,4,42.79,89.9,26.7,31.1,14.5,198833,9.9,14.52,0.183,4383,1.0,4646.716522551998,positive
Male,21,13.1,48,49,3,3,4,50.94,94.6,27.7,30.0,13.3,241876,10.29,13.18,0.12,5788,0.979591836734694,4748.252846486063,positive
Male,24,12.6,42,44,3,2,5,38.34,81.8,30.0,33.6,12.7,145206,8.25,17.68,0.189,5812,0.9545454545454546,3787.323943661972,positive
Female,62,15.7,45,43,3,3,4,46.14,93.4,26.2,31.7,13.6,90934,8.48,15.93,0.132,6324,1.0465116279069768,1970.827915041179,positive
Female,52,12.8,49,49,4,2,4,45.69,97.9,28.0,33.9,14.3,110723,10.2,14.49,0.101,5095,1.0,2423.353031297877,positive
Female,65,15.1,44,44,2,4,4,41.07,81.2,30.1,31.7,11.0,207968,9.29,13.75,0.184,5152,1.0,5063.744825906988,negative
Female,26,13.1,45,43,4,3,5,44.0,82.8,26.1,34.1,15.0,231477,9.34,17.15,0.194,6745,1.0465116279069768,5260.840909090909,positive
Female,25,15.5,43,47,3,3,4,47.13,94.3,28.1,30.7,11.7,229820,8.93,17.18,0.166,5548,0.9148936170212766,4876.29959685975,positive
Male,69,16.4,49,43,4,2,5,48.18,88.7,30.1,30.9,12.9,281838,9.82,17.07,0.123,5864,1.1395348837209305,5849.688667496886,negative
Male,62,16.2,45,49,3,2,4,38.01,88.1,30.6,31.7,14.5,257485,8.56,16.23,0.125,4750,0.9183673469387756,6774.138384635623,positive
Female,34,16.1,46,45,4,2,5,51.12,82.7,33.4,32.0,11.9,233426,9.88,14.83,0.147,4982,1.022222222222222,4566.2363067292645,positive
Male,34,12.6,48,41,4,3,4,40.3,90.1,31.2,31.7,12.9,285562,8.52,14.52,0.19,6671,1.170731707317073,7085.905707196031,positive
Male,66,12.0,49,44,3,4,5,41.27,82.5,29.3,33.8,11.5,201988,8.19,13.04,0.115,4227,1.1136363636363635,4894.305791131572,positive
Male,50,15.7,46,45,4,4,4,41.69,89.5,33.4,30.5,12.6,299747,8.99,17.17,0.183,6043,1.022222222222222,7189.901655073159,positive
Female,49,13.7,45,44,2,2,5,38.53,95.3,32.3,31.8,11.7,228460,8.69,13.44,0.129,5977,1.0227272727272727,5929.405657928886,positive
Male,25,14.1,40,41,4,4,5,39.72,85.2,27.6,34.2,12.5,116523,10.67,16.15,0.181,6064,0.975609756097561,2933.610271903324,positive
Female,36,11.7,41,46,4,2,4,51.81,89.6,27.0,30.3,12.5,181150,8.16,15.52,0.192,5608,0.8913043478260869,3496.4292607604707,positive
Male,55,13.1,40,43,2,4,5,42.41,99.8,31.4,34.7,15.0,200950,8.53,15.63,0.143,4011,0.9302325581395348,4738.269276114124,positive
Female,20,11.7,48,47,3,3,5,39.61,93.7,30.5,34.9,15.0,268765,9.65,17.63,0.137,5522,1.0212765957446808,6785.2814945720775,positive
Male,22,16.8,49,46,2,2,4,39.5,96.8,32.3,30.4,11.5,246804,9.44,13.16,0.18,4691,1.065217391304348,6248.202531645569,negative
Female,30,13.0,49,46,4,4,4,48.07,88.3,31.9,31.5,13.9,121646,8.14,16.87,0.153,5739,1.065217391304348,2530.601206573747,positive
Female,64,14.8,48,48,3,3,5,49.96,95.4,31.0,31.9,11.2,232093,8.02,13.26,0.168,5525,1.0,4645.576461168935,positive
Male,63,11.7,46,40,4,4,4,41.6,80.8,33.9,33.9,11.1,132776,10.96,13.19,0.162,4069,1.15,3191.730769230769,negative
Female,48,15.5,41,49,4,3,4,38.29,82.5,30.3,33.0,11.4,99116,9.98,15.15,0.115,6155,0.8367346938775511,2588.560981979629,positive
Female,33,13.4,45,45,2,3,4,41.12,84.1,26.9,33.2,14.9,283081,9.1,13.32,0.184,6248,1.0,6884.265564202335,positive
Female,67,16.9,43,45,2,4,5,38.79,88.0,32.6,33.8,14.8,192858,9.41,16.95,0.12,5572,0.9555555555555556,4971.84841453983,positive
Female,49,16.8,40,45,3,4,5,39.45,96.9,28.0,30.6,11.8,299343,8.8,15.65,0.193,4628,0.8888888888888888,7587.908745247148,positive
Female,39,13.5,40,45,3,3,5,44.04,86.9,32.2,34.2,11.6,156620,9.03,13.15,0.125,5287,0.8888888888888888,3556.3124432334243,negative
Female,46,16.9,44,49,3,3,5,41.22,93.1,33.7,33.5,12.0,255843,9.95,13.2,0.173,4905,0.8979591836734694,6206.768558951965,positive
Female,39,17.5,41,46,4,3,5,45.22,94.2,31.6,32.9,13.1,239828,10.65,16.06,0.128,6350,0.8913043478260869,5303.58248562583,positive
Female,60,16.5,43,49,2,2,5,41.55,91.7,30.8,34.4,13.3,162604,8.55,17.03,0.132,6984,0.8775510204081632,3913.453670276775,positive
Male,20,16.6,40,45,2,3,5,51.17,87.1,29.7,33.5,11.9,174452,10.52,15.19,0.131,4575,0.8888888888888888,3409.263240179793,positive
Male,27,13.0,43,40,2,2,4,50.68,91.5,28.9,31.0,14.0,213991,8.36,15.77,0.175,6602,1.075,4222.395422257301,negative
Female,59,15.0,45,42,3,3,5,45.94,86.8,28.8,32.1,12.2,103550,8.64,17.0,0.156,6172,1.0714285714285714,2254.0269917283413,negative
Female,38,11.9,49,41,2,2,5,42.96,81.7,31.1,32.5,14.7,247596,8.11,16.05,0.188,6020,1.195121951219512,5763.407821229051,positive
Male,33,12.1,43,45,2,3,4,43.34,99.9,32.0,30.3,13.6,265678,8.42,14.12,0.131,4858,0.9555555555555556,6130.087678818642,negative
Male,29,17.5,40,47,2,3,4,43.77,82.5,31.4,34.8,12.7,279891,10.75,16.07,0.169,4744,0.851063829787234,6394.585332419465,positive
Male,19,13.5,46,42,3,3,4,48.19,81.4,27.6,30.6,14.2,150227,9.38,16.14,0.175,6527,1.0952380952380951,3117.389499896244,positive
Female,58,16.0,41,49,2,4,5,44.32,97.6,30.0,33.5,14.3,103212,8.23,16.67,0.115,6179,0.8367346938775511,2328.790613718412,positive
Male,41,16.3,48,47,3,4,4,49.99,86.0,32.3,32.5,12.2,120118,10.88,16.1,0.14,4114,1.0212765957446808,2402.840568113623,positive
Female,52,16.6,42,47,2,3,5,51.22,93.0,29.8,30.1,12.4,108602,10.64,17.85,0.148,4480,0.8936170212765957,2120.304568527919,negative
Female,47,17.5,47,44,2,2,5,42.7,86.6,30.3,34.6,14.7,97540,10.26,13.99,0.136,4980,1.068181818181818,2284.309133489461,positive
Male,47,12.9,47,47,2,2,5,45.85,87.8,32.2,34.3,11.7,246901,10.8,17.76,0.132,5024,1.0,5384.972737186477,positive
Female,64,11.7,42,45,3,3,4,39.33,85.2,31.3,32.6,11.2,267381,8.66,15.69,0.169,6378,0.9333333333333332,6798.398169336385,positive
Female,52,14.0,43,44,3,4,4,40.81,86.9,29.3,31.1,12.8,276475,10.51,16.36,0.122,5600,0.9772727272727272,6774.687576574369,negative
Female,36,12.3,41,48,2,2,5,43.79,88.2,33.2,30.6,14.2,151455,10.07,13.5,0.171,4941,0.8541666666666666,3458.6663621831467,positive
Female,67,11.6,43,46,4,4,5,40.89,94.4,27.3,31.8,14.1,102277,10.61,14.9,0.194,4954,0.9347826086956522,2501.271704573245,positive
Male,25,13.7,48,47,3,2,5,50.27,90.2,34.0,31.3,14.7,199133,10.39,16.85,0.157,5660,1.0212765957446808,3961.2691466083143,positive
Male,43,16.2,41,40,3,3,4,40.22,98.9,27.0,32.5,13.1,270745,9.04,16.53,0.161,4767,1.025,6731.601193436101,negative
Female,66,14.9,42,41,2,4,5,44.38,80.8,26.1,34.8,11.4,228748,10.32,13.2,0.107,6438,1.024390243902439,5154.303740423614,positive
Female,57,13.4,43,47,4,2,4,46.48,90.1,33.1,32.9,13.4,253916,8.79,15.73,0.186,4833,0.9148936170212766,5462.908777969019,positive
Male,24,15.4,44,48,2,3,5,47.69,91.7,28.0,34.4,14.1,275780,8.99,13.44,0.129,6190,0.9166666666666666,5782.763682113651,positive
Female,47,12.9,40,43,3,3,4,43.36,98.4,31.8,33.3,11.4,89752,8.32,17.98,0.162,6375,0.9302325581395348,2069.9261992619927,negative
Male,24,11.6,46,49,3,3,5,50.17,81.0,32.5,32.4,11.7,292620,10.81,17.49,0.198,5781,0.9387755102040816,5832.5692645006975,positive
Female,20,16.1,49,49,2,4,4,45.96,91.5,32.9,34.3,11.0,285783,8.87,13.11,0.16,4627,1.0,6218.08093994778,positive
Female,18,15.2,46,48,2,4,4,44.15,97.1,33.9,32.4,13.4,251742,9.56,17.29,0.172,4376,0.9583333333333334,5701.970554926387,positive
Male,53,16.1,48,43,4,3,4,38.94,84.8,28.4,34.3,14.5,278675,9.17,17.6,0.145,4089,1.1162790697674418,7156.522855675398,positive
Male,42,11.7,43,49,4,4,4,44.51,97.5,31.7,31.5,13.7,242550,10.88,14.77,0.106,6855,0.8775510204081632,5449.337227589306,positive
Male,54,16.5,45,49,3,2,4,49.49,80.4,26.9,30.6,14.9,237511,9.01,16.6,0.18,5020,0.9183673469387756,4799.171549808042,positive
Male,18,15.2,41,49,4,3,4,46.6,94.6,29.3,34.3,11.3,245819,10.34,15.21,0.103,5065,0.8367346938775511,5275.085836909871,positive
Female,32,14.9,43,48,4,3,5,49.65,98.7,32.8,32.9,14.6,205332,10.57,16.28,0.17,5970,0.8958333333333334,4135.589123867069,positive
Male,54,15.2,41,46,3,4,5,44.92,93.1,28.9,34.4,14.3,240882,9.31,14.7,0.102,5058,0.8913043478260869,5362.46660730187,positive
Female,30,16.7,49,41,3,3,5,39.66,88.8,30.7,34.7,12.3,98302,9.13,14.61,0.186,5517,1.195121951219512,2478.618255168936,positive
Male,57,15.0,44,48,3,2,5,38.19,80.9,30.0,30.3,14.9,146236,10.24,15.12,0.116,6600,0.9166666666666666,3829.16993977481,positive
Male,25,15.0,46,43,3,4,4,42.25,98.4,31.2,32.5,12.2,144467,10.74,13.73,0.151,4123,1.069767441860465,3419.337278106509,positive
Female,22,17.4,40,47,2,4,5,47.77,89.4,33.8,31.9,14.6,182350,10.26,17.16,0.16,6104,0.851063829787234,3817.249319656688,positive
Male,26,16.0,49,46,3,3,4,49.06,80.6,26.4,33.1,14.5,245913,8.68,14.74,0.146,6853,1.065217391304348,5012.49490419894,positive
Male,18,14.2,49,46,3,3,4,42.14,93.8,30.6,34.0,14.0,255785,10.66,15.0,0.134,5479,1.065217391304348,6069.886093972473,positive
Male,53,15.7,46,47,3,3,4,44.94,89.6,32.9,31.4,13.3,260618,9.16,17.47,0.147,6282,0.9787234042553192,5799.243435692034,positive
Male,52,13.8,49,40,4,4,5,43.9,82.5,29.9,32.8,11.5,83048,9.73,15.48,0.131,6655,1.225,1891.7539863325744,positive
Female,19,12.9,45,44,3,3,4,43.75,84.3,26.6,33.5,13.1,244362,10.49,15.72,0.144,6439,1.0227272727272727,5585.417142857143,positive
Female,57,15.1,45,41,2,2,5,41.24,81.3,30.5,30.7,12.4,138906,8.57,17.78,0.136,5515,1.0975609756097562,3368.23472356935,positive
Male,40,17.1,47,41,2,3,5,39.91,91.5,28.7,34.1,14.2,156637,10.35,17.43,0.157,5854,1.146341463414634,3924.755700325733,positive
Male,26,17.1,47,40,3,3,5,40.75,92.4,27.2,33.0,14.0,109778,9.79,13.85,0.124,5366,1.175,2693.9386503067485,positive
Male,51,13.6,45,44,2,4,5,38.77,90.1,32.8,34.7,14.6,238497,10.68,15.37,0.199,4051,1.0227272727272727,6151.586278050038,positive
Female,63,14.7,42,41,4,3,5,40.77,96.3,30.2,31.7,11.1,294460,8.52,17.86,0.15,5573,1.024390243902439,7222.467500613196,positive
Female,31,12.8,44,43,3,4,4,38.13,97.2,33.5,30.5,14.2,200918,9.26,14.86,0.119,5501,1.0232558139534884,5269.289273537896,positive
Female,21,17.5,41,42,2,3,4,46.78,92.3,32.4,32.5,14.8,170036,10.5,14.86,0.148,6536,0.9761904761904762,3634.801197092775,positive
Female,47,17.4,44,42,2,2,5,42.43,80.3,31.5,30.4,14.2,269248,8.06,13.98,0.187,6052,1.0476190476190477,6345.698798020268,positive
Male,48,15.4,48,41,3,2,4,51.62,93.9,26.0,34.8,11.5,223746,8.34,13.57,0.102,4631,1.170731707317073,4334.48275862069,positive
Male,55,16.3,49,45,2,4,5,40.71,88.4,29.4,30.2,11.3,273474,10.97,16.7,0.168,5861,1.0888888888888888,6717.612380250553,positive
Male,28,15.8,40,41,3,4,4,42.84,91.3,27.6,33.8,11.1,299803,8.84,16.85,0.155,5232,0.975609756097561,6998.2026143790845,positive
Female,52,15.1,49,47,2,3,4,43.01,93.0,33.3,32.6,13.5,244125,10.93,17.85,0.117,6264,1.0425531914893618,5676.005580097652,positive
Male,25,11.8,44,47,4,3,4,38.12,87.0,27.4,31.8,13.5,91957,8.55,16.87,0.182,6047,0.9361702127659576,2412.3032528856247,positive
Female,20,14.2,45,44,2,2,4,49.75,98.3,28.3,30.3,14.9,152644,9.08,14.22,0.137,4535,1.0227272727272727,3068.221105527638,positive
Female,31,15.5,46,49,2,3,4,38.45,82.7,30.1,33.1,12.6,264688,10.26,13.2,0.129,6785,0.9387755102040816,6883.9531859557865,negative
Male,30,15.6,48,46,3,2,4,51.16,93.4,28.1,32.9,12.3,193294,9.97,17.93,0.183,4729,1.0434782608695652,3778.225175918687,positive
Male,62,13.7,45,43,2,4,4,50.49,80.1,27.7,31.4,13.5,97829,9.74,14.7,0.164,5275,1.0465116279069768,1937.5916022974843,positive
Male,49,17.2,44,40,3,3,4,45.5,98.5,30.8,34.6,14.3,85837,9.59,14.56,0.19,6050,1.1,1886.5274725274728,negative
Female,51,12.5,46,41,4,4,4,45.61,82.3,26.7,31.5,14.7,275213,10.53,17.53,0.163,5025,1.1219512195121952,6034.049550537163,positive
Female,62,14.5,40,49,3,3,4,47.15,81.9,26.5,32.2,14.2,226104,8.7,15.93,0.174,6197,0.8163265306122449,4795.4188759278895,positive
Male,36,15.6,44,49,3,2,4,43.42,86.7,29.0,32.7,12.7,179770,9.33,14.07,0.184,6051,0.8979591836734694,4140.257945647167,positive
Male,55,15.7,41,43,2,4,4,47.06,87.5,31.8,30.5,13.5,106352,8.47,17.45,0.105,5520,0.9534883720930232,2259.923501912452,positive
Female,33,15.4,43,40,4,4,4,38.63,84.3,30.4,34.7,14.4,110215,9.79,17.97,0.178,5894,1.075,2853.093450685996,positive
Male,19,13.2,46,47,3,3,5,38.76,91.7,29.4,31.9,13.0,267391,8.75,13.43,0.161,4467,0.9787234042553192,6898.632610939113,positive
Female,57,12.4,44,48,2,4,4,44.4,88.9,30.5,30.4,11.9,285714,9.0,17.31,0.107,6117,0.9166666666666666,6435.0,negative
Female,34,15.3,45,43,2,2,4,45.69,80.7,28.9,31.9,11.7,121247,9.41,14.95,0.151,4200,1.0465116279069768,2653.6878966951194,positive
Male,51,15.1,41,49,3,4,4,50.43,86.4,33.5,33.0,11.0,209692,8.08,15.62,0.108,4307,0.8367346938775511,4158.080507634345,negative
Male,59,12.6,42,42,2,4,4,39.47,96.2,26.4,32.6,13.9,254120,8.28,17.57,0.174,6045,1.0,6438.307575373702,positive
Male,33,15.7,46,41,3,3,4,49.52,93.8,31.4,33.5,11.4,286604,10.06,17.87,0.155,4921,1.1219512195121952,5787.641357027464,positive
Male,55,14.2,41,44,3,4,4,40.94,94.5,33.1,30.3,12.0,146714,9.29,14.31,0.195,6339,0.9318181818181818,3583.634587200782,positive
Female,19,15.5,45,42,3,3,5,43.52,94.0,32.4,31.4,12.2,115319,10.59,14.06,0.118,6971,1.0714285714285714,2649.793198529412,positive
Female,19,16.5,44,49,4,3,5,42.43,86.2,27.5,34.1,13.2,199058,10.08,13.4,0.161,4882,0.8979591836734694,4691.444732500589,positive
Female,43,12.5,49,46,3,4,5,43.6,82.0,28.4,30.4,12.6,96025,8.02,15.81,0.121,4585,1.065217391304348,2202.408256880734,positive
Male,30,11.6,40,45,2,2,4,40.11,85.4,31.7,34.3,13.7,89780,9.85,13.07,0.161,5720,0.8888888888888888,2238.344552480678,positive
Female,64,16.2,49,40,4,3,4,45.05,96.6,26.7,30.5,11.2,102706,8.28,15.06,0.172,4508,1.225,2279.822419533852,positive
Male,48,15.2,43,47,2,4,4,49.22,99.6,32.5,34.2,11.5,253988,10.34,13.37,0.172,4004,0.9148936170212766,5160.260056887444,positive
Male,51,15.7,41,41,4,3,5,44.18,89.9,31.8,31.8,13.0,155503,10.97,15.03,0.182,6340,1.0,3519.760072430964,negative
Male,56,16.5,43,44,4,2,4,44.87,80.2,31.8,33.1,12.3,241928,9.59,13.2,0.185,4359,0.9772727272727272,5391.753955872521,negative
Male,20,16.3,40,48,4,2,4,49.88,82.8,26.8,30.8,12.2,183166,10.05,17.18,0.108,4213,0.8333333333333334,3672.133119486768,positive
Male,25,17.3,41,47,4,3,5,47.88,86.4,31.7,30.3,11.3,89179,8.71,14.05,0.134,5459,0.8723404255319149,1862.5522138680035,positive
Male,40,14.7,47,41,2,2,5,44.87,91.6,31.4,31.1,14.6,249695,9.31,14.64,0.169,4562,1.146341463414634,5564.854022732338,positive
Female,31,14.4,45,48,3,4,4,41.61,81.5,32.6,30.6,13.8,228659,10.57,17.35,0.15,6812,0.9375,5495.289593847633,positive
Male,44,13.9,41,44,2,4,4,50.39,98.9,26.3,31.6,11.5,234805,8.5,16.73,0.119,4044,0.9318181818181818,4659.753919428458,positive
Female,46,12.4,45,49,3,3,4,46.08,87.3,26.2,32.6,11.3,299378,8.8,14.1,0.155,6750,0.9183673469387756,6496.918402777778,negative
Female,56,14.9,49,45,2,2,4,41.1,98.3,29.0,32.9,14.9,179423,9.34,13.36,0.141,4633,1.0888888888888888,4365.523114355231,negative
Male,56,13.2,48,42,4,4,5,41.77,95.6,27.2,33.9,13.7,203076,10.14,16.58,0.139,5435,1.1428571428571428,4861.766818290639,positive
Male,18,17.0,46,42,4,4,4,49.24,95.1,30.5,33.3,12.7,215047,9.13,14.95,0.181,5210,1.0952380952380951,4367.323314378554,positive
Male,34,15.0,48,49,3,4,4,38.62,92.1,33.3,33.0,13.8,289527,10.78,16.83,0.141,5749,0.979591836734694,7496.815121698602,positive
Female,58,15.1,44,47,3,3,5,51.89,92.5,29.1,32.1,14.0,155138,8.28,15.23,0.103,6708,0.9361702127659576,2989.747542879167,positive
Male,47,13.6,46,49,2,3,4,39.82,92.8,32.8,32.4,14.1,256535,9.11,14.73,0.106,6768,0.9387755102040816,6442.365645404319,negative
Female,30,11.8,46,49,3,4,4,49.14,92.6,26.0,32.1,12.9,253226,10.13,15.26,0.186,4593,0.9387755102040816,5153.154253154253,positive
Male,38,11.7,42,41,2,4,5,43.53,91.1,27.3,34.2,12.7,286748,8.68,16.74,0.196,5424,1.024390243902439,6587.365035607627,positive
Male,36,14.0,46,41,3,2,5,44.89,99.7,26.2,31.2,11.0,166706,9.97,17.51,0.169,6293,1.1219512195121952,3713.655602584095,negative
Female,36,12.0,40,44,3,2,4,50.33,94.6,28.6,30.0,14.7,196905,8.49,13.25,0.136,5926,0.9090909090909092,3912.2789588714486,negative
Female,42,15.1,48,45,3,2,5,43.78,95.5,33.3,33.3,13.4,108830,8.17,15.62,0.194,4856,1.0666666666666669,2485.8382823206944,positive
Male,39,16.8,49,41,4,3,5,45.52,97.4,26.8,31.0,11.8,190076,8.36,13.16,0.166,5892,1.195121951219512,4175.659050966608,negative
Female,48,16.8,45,44,4,4,4,38.69,84.3,30.9,34.5,14.7,283198,10.79,15.34,0.184,4551,1.0227272727272727,7319.669165158956,positive
Female,34,15.5,44,46,2,3,5,38.03,81.7,29.6,34.3,14.7,257817,9.66,17.43,0.177,4042,0.9565217391304348,6779.305811201682,negative
Female,40,12.8,46,49,3,4,4,41.43,89.7,33.5,30.4,15.0,110609,10.39,14.81,0.138,6888,0.9387755102040816,2669.7803524016413,positive
Female,49,16.7,44,49,2,2,4,47.53,90.3,27.0,30.5,14.5,97401,9.0,17.66,0.148,4178,0.8979591836734694,2049.253103303177,positive
Female,27,16.8,49,47,3,2,4,39.7,96.6,27.7,32.5,15.0,238801,9.78,16.15,0.119,5480,1.0425531914893618,6015.13853904282,positive
Male,27,12.7,44,46,4,2,4,39.59,88.9,26.2,33.0,12.0,183480,9.48,17.67,0.129,6582,0.9565217391304348,4634.503662541046,positive
Male,53,15.9,49,47,4,2,5,43.75,91.4,29.5,31.4,14.4,198278,10.84,16.79,0.178,4606,1.0425531914893618,4532.068571428571,positive
Female,25,13.2,46,48,3,4,4,47.07,90.5,28.2,33.6,14.3,256239,10.24,13.52,0.189,4671,0.9583333333333334,5443.78585086042,positive
Male,69,16.3,49,44,3,2,4,47.97,80.8,33.0,33.0,11.9,137391,10.19,14.16,0.172,4926,1.1136363636363635,2864.102564102564,positive
Male,37,17.5,46,44,4,4,4,40.5,92.3,30.8,31.6,11.4,206543,8.14,14.97,0.147,4016,1.0454545454545454,5099.827160493827,positive
Female,49,11.7,42,49,4,4,4,39.11,96.6,30.9,30.1,14.9,208886,9.65,13.85,0.109,5135,0.8571428571428571,5340.986959856814,negative
Male,67,16.9,42,43,2,3,5,51.17,83.2,30.3,33.8,12.2,174583,9.4,15.47,0.106,5638,0.9767441860465116,3411.8233339847566,positive
Female,31,15.2,49,48,4,2,5,41.65,91.9,26.7,31.1,14.5,269243,10.78,15.36,0.137,6873,1.0208333333333333,6464.417767106843,positive
Female,67,17.3,42,44,3,2,5,49.95,91.9,29.6,34.2,11.0,299168,8.77,17.78,0.146,6594,0.9545454545454546,5989.349349349349,positive
Male,45,14.3,45,41,2,3,4,50.09,83.3,34.0,32.1,11.1,217719,8.81,15.17,0.161,5053,1.0975609756097562,4346.556198842084,positive
Female,63,16.6,45,49,3,4,5,48.82,82.5,32.7,32.9,12.9,232178,9.23,16.93,0.101,5215,0.9183673469387756,4755.796804588284,positive
Female,69,11.9,42,47,2,2,5,40.36,99.6,33.1,34.4,12.0,86015,8.73,17.71,0.199,6484,0.8936170212765957,2131.1942517343905,positive
Female,41,13.5,42,46,3,4,4,49.51,87.9,32.6,34.3,13.8,101506,8.39,17.38,0.136,6226,0.9130434782608696,2050.2120783680066,positive
Female,32,11.9,47,47,4,3,5,48.77,84.5,26.8,31.9,13.3,104067,10.57,14.04,0.185,4615,1.0,2133.832273938897,positive
Female,39,17.4,47,42,3,4,4,46.35,83.4,27.8,31.0,11.3,210819,9.67,15.48,0.153,6724,1.119047619047619,4548.4142394822,negative
Male,47,16.4,46,43,2,2,5,42.72,93.4,26.0,33.9,11.7,82056,10.58,14.74,0.113,6681,1.069767441860465,1920.7865168539329,positive
Male,21,16.6,49,44,3,4,5,41.68,92.2,28.4,32.2,12.6,109328,10.49,15.0,0.18,6849,1.1136363636363635,2623.032629558541,negative
Female,30,17.1,43,45,2,4,5,39.71,92.9,26.9,31.0,11.7,157712,8.85,14.8,0.171,4311,0.9555555555555556,3971.594056912617,positive
Female,40,12.0,43,40,3,2,5,45.14,81.8,29.8,34.5,14.2,132832,9.64,17.13,0.153,6072,1.075,2942.667257421356,positive
Male,25,13.8,42,43,4,2,4,46.19,97.9,31.4,31.0,12.7,122771,8.25,15.26,0.151,6418,0.9767441860465116,2657.956267590388,positive
Female,35,11.9,44,49,4,4,4,43.03,87.8,33.0,30.1,11.4,177421,10.75,15.62,0.109,4524,0.8979591836734694,4123.193121078318,positive
Male,29,12.8,42,44,3,4,5,44.66,86.3,32.0,30.1,12.9,297877,9.21,17.91,0.166,6277,0.9545454545454546,6669.883564711152,positive
Female,48,12.9,47,46,3,3,4,43.09,89.2,33.5,33.1,11.4,257587,9.18,13.3,0.191,5473,1.0217391304347827,5977.883499651891,positive
Female,31,14.3,46,44,3,2,5,46.97,87.8,26.4,33.3,11.5,144538,8.91,15.44,0.109,6425,1.0454545454545454,3077.2407919948905,positive
Female,51,13.1,42,40,2,4,5,50.62,97.3,26.1,31.6,12.0,279722,9.38,16.87,0.126,4887,1.05,5525.918609245357,positive
Female,35,12.1,48,46,3,2,5,40.29,98.6,31.3,31.6,14.4,290050,8.76,13.76,0.19,5924,1.0434782608695652,7199.056837925044,positive
Female,51,12.5,44,47,3,3,5,43.34,86.1,28.3,31.7,14.7,120151,9.12,16.06,0.128,6007,0.9361702127659576,2772.288878634056,negative
Female,28,12.4,48,46,2,4,5,39.97,97.3,28.0,33.4,14.3,212701,10.4,14.2,0.165,4461,1.0434782608695652,5321.516137102827,positive
Female,58,17.3,46,43,4,4,5,46.75,95.6,28.6,30.3,12.3,163463,10.5,17.34,0.153,6412,1.069767441860465,3496.5347593582887,positive
Male,29,16.1,46,47,3,4,4,48.2,98.6,28.2,34.6,12.1,176853,8.91,14.64,0.16,6151,0.9787234042553192,3669.149377593361,negative
Male,66,17.3,45,44,3,2,4,51.05,84.9,30.1,31.1,13.2,169432,9.41,14.65,0.142,4427,1.0227272727272727,3318.942213516161,positive
Male,32,14.1,41,49,4,3,5,41.9,91.5,29.5,35.0,13.9,108155,10.62,15.99,0.13,4468,0.8367346938775511,2581.2649164677805,negative
Female,48,13.2,48,48,4,2,4,51.3,85.5,30.1,30.9,15.0,229360,8.16,13.92,0.105,5014,1.0,4470.955165692008,positive
Female,66,16.3,45,49,2,4,5,38.89,96.5,31.4,33.9,11.5,130588,10.67,14.42,0.174,5604,0.9183673469387756,3357.881203394189,positive
Female,46,13.5,47,44,3,3,4,46.44,80.1,29.1,31.1,11.2,298023,8.66,15.08,0.175,4869,1.068181818181818,6417.3772609819125,positive
Female,43,13.3,40,40,3,4,4,38.8,91.3,28.0,30.4,13.8,247157,10.04,14.77,0.167,6817,1.0,6370.025773195876,positive
Female,35,12.9,44,48,2,4,4,50.51,86.8,27.3,34.4,14.3,91251,9.75,15.62,0.164,6727,0.9166666666666666,1806.592753910117,negative
Female,49,12.3,40,44,4,2,5,45.42,86.5,28.8,34.3,14.4,182420,9.66,16.0,0.124,6852,0.9090909090909092,4016.29238221048,positive
Female,39,13.0,49,45,2,4,4,47.37,92.9,31.9,32.0,13.7,236646,10.58,15.83,0.102,4885,1.0888888888888888,4995.693476884104,positive
Male,55,13.6,47,43,4,3,5,49.64,97.0,32.1,33.5,14.8,89623,8.3,16.27,0.181,6608,1.0930232558139534,1805.4593070104756,negative
Female,34,15.5,47,45,2,4,5,40.1,92.2,31.3,32.8,13.0,297544,9.04,14.54,0.149,5273,1.0444444444444445,7420.049875311721,negative
Male,40,11.9,40,47,4,4,5,38.54,97.1,27.9,34.3,14.7,134715,9.61,13.63,0.131,4330,0.851063829787234,3495.459263103269,positive
Male,41,12.8,48,42,2,2,4,50.3,85.3,30.7,31.6,14.9,86123,10.43,16.8,0.11,5955,1.1428571428571428,1712.1868787276344,negative
Female,67,16.4,41,44,4,3,4,42.41,90.4,30.6,32.6,14.4,83061,8.65,17.25,0.106,4586,0.9318181818181818,1958.5239330346617,positive
Female,25,12.4,48,41,4,2,4,39.81,89.0,29.9,32.4,12.2,186393,10.41,14.29,0.135,4200,1.170731707317073,4682.064807837227,negative
Male,58,13.6,40,41,4,4,5,44.56,80.2,30.4,31.8,11.8,182035,9.2,15.04,0.18,4453,0.975609756097561,4085.166068222621,positive
Male,23,16.7,49,46,4,2,5,46.38,91.1,29.9,34.5,13.2,119095,8.57,15.49,0.192,4825,1.065217391304348,2567.809400603708,positive
Female,22,12.4,48,49,4,2,4,38.43,93.2,30.5,30.8,12.8,270690,10.28,15.67,0.19,4110,0.979591836734694,7043.715846994535,positive
Female,61,12.0,43,49,3,2,5,41.85,91.8,31.7,30.7,14.5,239523,8.27,16.3,0.192,6911,0.8775510204081632,5723.36917562724,positive
Male,46,14.4,48,49,4,2,4,38.46,94.7,26.9,32.9,11.4,161897,9.54,13.21,0.191,4907,0.979591836734694,4209.490379615185,negative
Female,45,13.3,46,45,3,4,4,43.88,91.4,32.0,33.3,12.0,161443,8.19,16.61,0.153,5772,1.022222222222222,3679.193254329991,positive
Female,28,14.9,45,43,4,4,4,50.53,81.3,27.1,31.0,14.0,198005,9.07,13.31,0.122,5567,1.0465116279069768,3918.563229764496,positive
Female,18,16.3,44,44,3,3,4,51.76,82.3,26.5,32.0,11.4,114814,9.8,15.34,0.18,5232,1.0,2218.1993817619787,positive
Male,60,12.3,48,40,3,2,5,46.92,91.9,33.8,34.7,12.3,165141,9.67,17.14,0.121,6080,1.2,3519.62915601023,positive
Male,36,15.0,41,46,2,2,4,40.26,85.5,33.7,31.2,12.5,287940,9.21,15.26,0.127,4554,0.8913043478260869,7152.011922503726,positive
Male,26,14.5,41,47,4,3,4,50.68,81.6,26.5,33.3,13.5,248904,9.29,13.75,0.123,5903,0.8723404255319149,4911.286503551697,positive
Female,44,12.4,48,48,2,2,4,45.23,88.6,29.5,33.7,11.6,220517,8.68,17.93,0.151,4106,1.0,4875.45876630555,positive
Female,51,15.2,42,47,2,3,4,40.15,91.1,27.5,32.2,14.4,244562,9.37,17.45,0.132,6273,0.8936170212765957,6091.20797011208,positive
Male,61,13.1,47,44,4,4,4,50.9,86.6,29.9,34.7,12.8,109767,10.86,16.86,0.115,6534,1.068181818181818,2156.522593320236,positive
Male,21,14.4,48,42,2,3,4,48.6,94.4,32.6,33.7,14.7,126057,10.55,15.06,0.145,6226,1.1428571428571428,2593.7654320987654,positive
Male,53,12.0,47,49,4,2,4,48.24,92.9,33.6,32.3,12.9,291818,8.44,13.92,0.187,5393,0.9591836734693876,6049.295190713101,positive
Female,35,14.3,43,48,2,3,5,47.93,86.7,31.1,32.8,12.1,284172,8.09,17.71,0.157,6684,0.8958333333333334,5928.896307114542,positive
Male,32,13.3,40,45,4,4,5,40.8,95.1,28.8,33.5,11.6,252115,10.8,15.66,0.188,6835,0.8888888888888888,6179.289215686275,positive
Male,68,16.4,43,44,4,2,5,40.95,93.0,30.8,33.0,11.0,166755,9.58,17.26,0.12,4166,0.9772727272727272,4072.161172161172,positive
Female,30,11.8,48,42,4,4,5,47.64,92.7,28.5,34.4,13.1,107946,9.61,14.71,0.117,6710,1.1428571428571428,2265.8690176322416,positive
Female,36,14.0,41,45,3,4,4,41.08,91.1,33.3,31.8,11.4,247659,10.34,14.68,0.158,6347,0.9111111111111112,6028.700097370984,negative
Female,66,14.3,42,42,2,3,5,44.14,80.2,33.0,31.5,12.6,83364,8.94,17.93,0.146,5404,1.0,1888.6270956048932,negative
Male,23,15.9,49,49,3,4,5,48.95,93.9,30.5,31.1,13.4,280926,9.45,15.61,0.166,6082,1.0,5739.039836567926,positive
Female,65,14.9,47,45,2,2,5,48.98,87.5,28.6,30.2,12.1,267160,10.91,13.7,0.179,6454,1.0444444444444445,5454.471212739894,negative
Female,29,15.5,45,43,2,4,4,44.35,98.9,28.3,30.2,11.7,157015,10.02,14.1,0.175,5525,1.0465116279069768,3540.360766629087,negative
Male,68,16.2,47,41,2,4,5,49.09,96.4,26.3,34.4,14.1,218470,8.46,15.41,0.194,4313,1.146341463414634,4450.397229578325,positive
Female,54,16.7,46,47,3,3,5,49.74,91.8,32.5,33.4,14.8,213524,8.4,13.21,0.14,4815,0.9787234042553192,4292.802573381584,positive
Male,34,13.4,44,43,2,4,4,47.17,85.0,29.6,33.3,11.4,167208,8.61,15.31,0.121,4742,1.0232558139534884,3544.7954208183164,positive
Male,40,14.7,48,48,3,3,5,41.2,84.1,28.6,33.1,11.6,203208,10.3,15.09,0.155,6774,1.0,4932.233009708738,positive
Female,43,16.5,43,46,4,3,4,41.84,86.8,29.8,34.2,14.8,244265,8.89,16.9,0.111,4825,0.9347826086956522,5838.07361376673,positive
Female,46,17.4,45,41,2,2,5,42.41,89.5,32.5,32.4,11.2,290473,8.06,14.77,0.129,5124,1.0975609756097562,6849.162933270456,positive
Female,50,16.8,41,43,2,2,4,39.64,85.9,27.0,34.4,14.9,105345,10.83,17.91,0.121,4568,0.9534883720930232,2657.542885973764,negative
Female,44,13.7,41,44,4,2,5,41.82,90.3,32.9,31.8,11.0,165895,8.51,13.9,0.14,5238,0.9318181818181818,3966.8818747011,positive
Female,42,12.7,41,42,4,2,5,40.93,83.3,33.2,34.6,14.5,285407,8.03,15.95,0.111,5958,0.9761904761904762,6973.051551429269,positive
Female,27,14.4,49,48,2,3,5,44.37,99.6,33.6,33.5,12.2,270268,8.71,13.45,0.103,6623,1.0208333333333333,6091.232814965067,negative
Male,64,15.9,46,44,4,4,4,50.72,82.2,29.2,31.3,14.8,234125,8.71,16.67,0.166,6109,1.0454545454545454,4616.0291798107255,negative
Male,40,14.5,41,41,3,2,5,39.46,98.6,27.7,32.8,12.3,209022,9.27,17.97,0.161,4368,1.0,5297.060314242271,positive
Female,38,14.4,41,42,3,2,4,48.08,98.3,29.0,32.7,13.6,294292,10.76,17.1,0.171,5391,0.9761904761904762,6120.881863560732,positive
Male,38,16.5,48,48,2,2,4,47.62,90.5,28.7,30.7,11.3,216087,10.64,15.78,0.166,4093,1.0,4537.736245275095,positive
Female,60,13.7,46,46,3,4,4,39.34,94.5,27.4,33.0,12.0,219729,9.37,15.42,0.111,5458,1.0,5585.383833248601,positive
Male,30,16.7,42,41,3,2,4,50.92,88.7,30.9,31.6,14.1,131116,9.23,17.18,0.129,6097,1.024390243902439,2574.941084053417,positive
Male,54,13.9,42,48,2,4,5,45.96,92.6,29.8,30.3,13.1,233023,9.67,17.68,0.113,6930,0.875,5070.126196692776,positive
Male,50,13.5,46,43,4,3,5,43.09,86.8,32.9,34.7,14.7,177599,8.73,17.95,0.184,4763,1.069767441860465,4121.582733812949,positive
Female,41,14.2,44,48,2,3,5,48.59,86.0,26.3,33.2,12.7,106521,8.16,14.98,0.175,6083,0.9166666666666666,2192.2412018933937,positive
Male,61,16.1,49,41,3,3,4,41.6,91.6,31.2,34.4,14.5,134431,10.82,17.95,0.12,5433,1.195121951219512,3231.514423076923,negative
Female,28,12.3,45,49,2,4,5,47.71,90.0,32.1,33.4,12.8,90731,8.56,13.78,0.134,6147,0.9183673469387756,1901.7187172500524,positive
Male,34,12.7,47,43,2,2,4,38.56,91.6,32.1,31.8,14.9,229816,8.6,14.27,0.197,4328,1.0930232558139534,5959.958506224066,negative
Male,21,17.2,48,44,3,2,4,49.75,85.7,33.1,32.6,14.8,143094,9.42,13.45,0.159,4705,1.0909090909090908,2876.261306532663,positive
Male,64,12.6,40,41,3,2,4,44.27,87.3,31.8,33.4,12.3,98423,9.47,14.36,0.18,4220,0.975609756097561,2223.243731646713,positive
Male,42,14.9,42,49,2,2,5,46.91,81.7,33.4,34.8,14.5,194612,8.06,16.84,0.126,5814,0.8571428571428571,4148.6250266467705,negative
Male,47,15.0,46,40,3,2,5,41.1,81.0,28.7,31.3,14.4,228640,8.44,17.26,0.121,5861,1.15,5563.01703163017,positive
Female,26,14.4,45,46,3,4,4,47.48,85.1,30.0,34.4,11.8,258483,9.13,16.89,0.178,6614,0.9782608695652174,5444.039595619209,positive
Female,38,15.4,46,49,3,3,5,48.81,81.5,26.1,34.6,13.5,83934,10.05,16.16,0.169,4995,0.9387755102040816,1719.6066379840197,positive
Male,37,12.9,47,40,3,2,5,44.62,82.1,26.1,33.4,11.3,156945,8.69,15.57,0.168,5021,1.175,3517.3688928731517,negative
Male,36,14.8,45,47,3,3,4,46.65,96.3,27.9,34.7,14.3,210443,9.27,16.54,0.155,4109,0.9574468085106383,4511.1039657020365,positive
Male,36,13.7,42,42,3,4,4,44.39,80.8,26.8,32.0,11.7,176946,9.67,14.95,0.156,4148,1.0,3986.168055868439,positive
Male,29,15.5,41,49,4,4,5,50.52,93.2,28.1,34.8,11.3,176344,10.67,17.21,0.174,6453,0.8367346938775511,3490.577988915281,positive
Female,54,12.3,46,45,2,2,4,44.97,85.5,27.4,33.5,12.6,219244,8.98,16.39,0.127,4698,1.022222222222222,4875.339114965533,positive
Male,59,14.9,40,46,3,4,4,49.79,97.4,26.2,30.2,13.3,107358,8.4,16.49,0.135,5433,0.8695652173913043,2156.216107652139,positive
Female,34,12.6,42,49,2,3,5,49.22,89.7,33.3,34.5,14.4,277385,9.47,15.68,0.187,4107,0.8571428571428571,5635.615603413246,negative
Male,54,13.2,43,40,4,2,5,43.75,86.1,26.1,32.4,14.9,209774,10.24,17.43,0.131,4388,1.075,4794.834285714286,positive
Female,65,12.8,40,45,3,2,4,41.22,90.4,31.9,32.3,12.8,99763,8.33,14.26,0.155,4424,0.8888888888888888,2420.257156720039,positive
Male,56,12.6,44,46,2,3,5,43.69,87.6,27.2,32.8,11.2,259745,9.27,14.91,0.17,6494,0.9565217391304348,5945.181963836119,positive
Male,45,16.5,49,45,3,2,4,49.57,91.3,33.3,30.7,14.0,165997,8.05,16.89,0.2,6965,1.0888888888888888,3348.739156748033,positive
Female,58,13.2,42,43,3,2,4,41.19,82.3,33.1,32.3,13.3,147975,8.1,15.46,0.144,5091,0.9767441860465116,3592.4981791697014,positive
Male,52,17.1,41,40,3,3,5,45.34,99.9,31.2,34.2,12.8,218876,9.45,17.45,0.143,6703,1.025,4827.437141596824,positive
Male,64,17.3,42,48,3,2,4,49.29,88.5,31.4,30.1,12.2,258666,8.89,14.73,0.184,5999,0.875,5247.839318320146,positive
Male,65,14.9,47,43,3,2,4,42.95,87.0,26.0,31.4,13.0,289820,10.54,14.85,0.181,5663,1.0930232558139534,6747.846332945285,negative
Female,35,12.4,45,46,3,3,4,46.99,94.2,33.9,30.0,12.4,167189,9.81,17.44,0.173,5527,0.9782608695652174,3557.969780804426,positive
Male,31,13.7,46,46,3,4,5,41.44,87.3,33.0,32.1,14.0,167507,9.36,15.32,0.146,6026,1.0,4042.157335907336,positive
Male,52,16.3,45,41,4,3,5,39.53,96.7,33.2,33.6,13.2,147525,9.22,15.58,0.132,6368,1.0975609756097562,3731.975714647104,positive
Female,61,13.7,45,40,4,2,5,49.12,89.1,31.3,34.0,14.5,284476,9.49,14.66,0.161,6766,1.125,5791.449511400651,positive
Female,58,12.0,42,47,3,3,4,39.39,94.4,28.8,34.7,13.2,179248,8.12,14.38,0.188,5855,0.8936170212765957,4550.59659812135,positive
Female,24,14.8,47,47,3,2,4,41.8,82.1,33.1,33.0,12.0,104604,10.68,16.28,0.188,6775,1.0,2502.4880382775123,positive
Male,58,16.6,46,46,4,2,5,49.97,96.9,28.3,31.3,14.4,196585,10.99,13.6,0.111,6627,1.0,3934.060436261757,positive
Male,30,16.3,46,47,4,3,5,42.85,94.7,30.5,34.6,13.2,233207,8.54,17.4,0.143,4446,0.9787234042553192,5442.403733955659,positive
Male,35,12.6,45,42,4,2,5,51.62,84.2,26.8,33.9,11.8,248990,8.36,16.9,0.146,5597,1.0714285714285714,4823.518016272763,negative
Female,54,15.5,44,41,3,4,4,51.72,82.9,33.4,32.9,13.5,209716,8.43,13.95,0.198,4209,1.0731707317073171,4054.833720030936,positive
Male,30,12.8,49,46,2,2,5,41.76,86.3,27.1,33.5,12.4,261921,9.98,16.47,0.168,4848,1.065217391304348,6272.05459770115,positive
Male,53,12.8,47,47,2,3,4,38.57,99.5,27.8,34.6,14.4,241919,9.98,16.01,0.141,5862,1.0,6272.206378014001,negative
Female,48,16.7,44,40,2,4,5,47.87,85.1,30.5,33.6,12.8,254846,10.54,13.92,0.103,6417,1.1,5323.710048046793,negative
Female,19,13.0,48,49,2,4,4,44.31,89.1,32.1,31.8,13.9,271781,10.26,14.37,0.157,5964,0.979591836734694,6133.626720830512,negative
Female,33,13.1,48,48,3,2,4,39.41,80.6,31.0,33.6,11.4,90680,9.35,15.04,0.11,5587,1.0,2300.93884800812,positive
Female,26,11.5,40,43,2,3,5,47.91,87.9,27.9,30.2,12.6,193508,9.84,16.5,0.183,5651,0.9302325581395348,4038.9897724900857,positive
Female,26,16.7,45,43,4,2,4,38.44,91.4,26.0,31.9,14.9,175619,10.06,16.19,0.175,5916,1.0465116279069768,4568.652445369407,positive
Male,55,16.3,46,42,4,2,5,50.18,99.1,32.1,32.0,14.2,135037,9.54,15.66,0.146,5918,1.0952380952380951,2691.052212036668,positive
Female,28,15.3,42,45,2,3,4,39.94,90.3,33.9,30.8,11.6,179969,9.43,16.84,0.143,4576,0.9333333333333332,4505.983975963946,positive
Male,39,16.0,46,40,4,3,4,39.78,96.4,32.5,30.1,12.1,191115,9.94,16.79,0.19,5665,1.15,4804.298642533937,positive
Male,50,12.4,46,45,3,2,5,40.46,90.9,29.7,30.7,12.3,138914,9.67,16.09,0.129,4688,1.022222222222222,3433.3662876915478,positive
Female,53,14.2,41,41,2,4,4,51.44,80.8,33.2,33.3,13.6,237381,9.93,16.93,0.125,4789,1.0,4614.716174183515,positive
Female,62,13.6,46,48,2,2,5,47.7,86.3,29.3,34.0,14.0,187255,9.84,14.67,0.194,4991,0.9583333333333334,3925.681341719077,positive
Female,40,12.1,40,41,3,4,5,49.22,91.5,30.2,34.9,14.0,90349,10.16,17.41,0.181,6210,0.975609756097561,1835.6156034132464,positive
Male,62,14.4,44,46,4,2,5,43.57,99.0,29.8,31.7,13.0,286151,9.93,16.07,0.182,4976,0.9565217391304348,6567.615331650218,positive
Female,62,17.0,48,40,3,3,4,42.71,97.2,29.6,33.0,14.2,271892,9.56,17.11,0.12,5355,1.2,6366.003277920861,negative
Female,51,11.7,46,46,3,4,4,41.28,84.6,32.2,34.7,12.7,286068,10.05,15.73,0.114,5687,1.0,6929.941860465116,positive
Female,26,13.2,46,44,4,3,4,44.73,84.4,30.2,30.8,11.5,245625,9.35,14.09,0.103,4349,1.0454545454545454,5491.281019450034,negative
Female,41,12.7,41,47,3,3,5,45.73,84.0,28.5,33.6,13.3,108525,8.73,15.71,0.124,5771,0.8723404255319149,2373.1685982943363,positive
Female,25,12.9,47,43,4,3,5,46.84,98.4,28.1,33.8,14.8,85948,8.0,14.86,0.177,6717,1.0930232558139534,1834.927412467976,positive
Male,24,17.0,42,49,4,3,4,41.6,97.1,26.3,30.4,14.2,94498,9.68,16.49,0.124,4425,0.8571428571428571,2271.5865384615386,negative
Male,53,14.3,47,46,3,3,4,51.28,95.5,30.7,34.3,13.3,230063,9.77,15.38,0.173,4326,1.0217391304347827,4486.407956318252,positive
Male,35,14.3,42,45,4,2,5,40.38,87.9,27.8,34.1,13.6,139790,10.92,17.18,0.125,5129,0.9333333333333332,3461.862308073303,positive
Female,20,16.1,49,44,3,4,4,51.52,90.1,27.2,30.2,14.7,218732,9.08,16.39,0.14,4254,1.1136363636363635,4245.57453416149,positive
Female,45,12.4,46,43,4,2,5,38.21,89.3,31.2,30.5,12.7,106245,9.18,16.42,0.198,6037,1.069767441860465,2780.554828578906,positive
Female,23,14.4,41,46,2,2,4,44.74,85.1,31.4,30.2,12.3,211310,8.61,14.09,0.124,6405,0.8913043478260869,4723.066607063031,positive
Male,61,14.1,43,44,4,2,5,42.67,90.1,32.0,31.7,14.9,230992,8.21,17.92,0.138,5990,0.9772727272727272,5413.452074056714,negative
Female,61,15.1,45,44,4,3,4,44.29,80.6,30.0,32.5,14.5,126659,10.32,17.21,0.13,4443,1.0227272727272727,2859.7651840144504,positive
Female,38,17.5,48,40,3,2,4,45.99,82.6,33.2,32.7,12.3,205983,8.75,16.95,0.111,4112,1.2,4478.864970645793,positive
Female,45,16.1,44,41,4,4,5,44.1,97.7,33.5,31.3,12.9,154874,9.83,14.65,0.149,5053,1.0731707317073171,3511.8820861678005,negative
Male,57,13.9,48,44,2,2,5,43.81,95.0,32.5,34.6,12.7,122517,10.06,15.68,0.138,6571,1.0909090909090908,2796.553298333713,negative
Female,18,16.5,44,42,2,3,5,48.26,88.5,31.1,31.8,11.6,206618,9.41,13.69,0.169,4688,1.0476190476190477,4281.35101533361,positive
Male,53,12.5,49,41,4,4,4,47.6,90.3,28.4,30.2,14.8,155885,10.63,15.69,0.182,4990,1.195121951219512,3274.8949579831933,positive
Female,38,11.7,47,43,4,4,5,49.67,87.4,33.9,31.5,12.6,126350,9.33,13.73,0.154,5873,1.0930232558139534,2543.7890074491643,positive
Male,60,12.7,40,43,2,4,5,41.5,94.8,28.2,32.7,14.5,157179,8.85,15.77,0.103,4045,0.9302325581395348,3787.4457831325294,positive
Male,52,13.5,46,43,3,4,4,46.53,95.7,27.6,32.0,11.8,239346,10.69,16.24,0.162,5194,1.069767441860465,5143.907156673114,positive
Male,30,14.6,43,43,2,2,5,46.19,95.3,29.5,31.4,13.2,125013,10.58,14.95,0.106,4756,1.0,2706.494912318684,negative
Female,66,15.2,44,42,2,3,5,43.18,94.5,26.5,30.7,11.1,119913,8.49,15.49,0.162,5376,1.0476190476190477,2777.049559981473,positive
Female,27,17.0,45,46,4,4,5,44.8,84.1,33.8,34.1,14.1,125819,8.08,17.38,0.169,5226,0.9782608695652174,2808.459821428572,positive
Male,61,14.6,44,48,4,4,4,42.39,86.8,30.7,35.0,13.3,162168,8.27,13.54,0.12,5249,0.9166666666666666,3825.619249823072,positive
Male,64,14.5,40,44,2,3,4,39.99,89.4,30.5,31.6,13.5,172680,8.86,16.96,0.182,4563,0.9090909090909092,4318.07951987997,positive
Female,27,11.8,48,43,3,2,4,40.99,86.6,31.2,31.9,11.2,288929,10.92,13.85,0.191,6208,1.1162790697674418,7048.767992193218,positive
Female,63,11.7,41,41,2,4,5,39.48,95.1,30.0,33.1,11.8,174792,9.68,13.18,0.181,6887,1.0,4427.355623100304,positive
Male,30,14.8,48,41,2,2,4,47.56,86.6,26.3,33.6,11.3,275982,9.12,13.93,0.131,6585,1.170731707317073,5802.817493692178,positive
Female,54,14.1,49,44,3,2,5,47.25,82.8,30.9,32.0,12.2,234557,10.67,16.83,0.159,6272,1.1136363636363635,4964.169312169312,positive
Female,55,16.5,41,46,2,2,5,51.31,88.0,31.7,34.5,13.5,213932,9.36,15.03,0.191,5340,0.8913043478260869,4169.4016760865325,positive
Female,41,12.5,48,49,2,2,5,48.22,99.6,29.3,32.8,13.3,129875,8.95,17.36,0.132,5437,0.979591836734694,2693.3844877644133,positive
Female,19,11.6,45,49,4,4,4,38.73,84.5,32.1,32.3,13.4,225991,10.82,15.62,0.182,4094,0.9183673469387756,5835.037438678028,positive
Male,39,14.2,48,48,3,4,4,50.38,92.2,27.8,33.2,13.2,153947,10.55,13.11,0.101,5802,1.0,3055.716554188169,positive
Female,34,12.9,45,46,4,2,5,50.08,88.7,27.8,34.8,12.1,89586,10.53,16.58,0.1,4948,0.9782608695652174,1788.8578274760384,positive
Female,53,11.8,45,44,4,2,5,44.21,81.4,27.3,34.0,12.0,131986,9.54,13.55,0.176,4552,1.0227272727272727,2985.4331599185703,positive
Male,31,15.8,41,49,3,3,4,46.2,89.8,29.0,30.2,11.5,169848,10.37,16.95,0.176,6692,0.8367346938775511,3676.363636363636,negative
Male,27,12.2,47,49,3,3,4,51.67,94.0,32.8,31.7,14.4,103055,8.54,13.84,0.179,4065,0.9591836734693876,1994.484226824076,positive
Female,52,15.1,42,49,2,3,4,45.45,90.3,32.6,32.4,13.5,245962,9.72,14.73,0.193,5497,0.8571428571428571,5411.705170517052,positive
Female,42,13.2,46,45,4,4,5,50.67,97.4,29.1,31.6,11.7,274153,10.95,16.81,0.112,4664,1.022222222222222,5410.558515887113,positive
Female,20,12.5,44,42,3,3,4,39.16,85.8,30.7,33.5,11.7,108807,8.87,17.77,0.123,6731,1.0476190476190477,2778.524004085802,positive
Female,64,13.8,42,44,4,4,4,40.67,81.7,31.8,34.1,14.5,296992,10.38,14.86,0.19,6957,0.9545454545454546,7302.483402999754,positive
Male,55,16.3,40,47,4,4,4,44.17,98.7,27.9,33.7,14.0,127177,9.47,17.15,0.118,6884,0.851063829787234,2879.2619424949057,negative
Male,34,13.9,47,40,3,4,5,46.19,87.6,27.3,34.9,13.6,148625,8.12,13.95,0.168,6618,1.175,3217.6878112145487,positive
Male,29,16.0,42,40,2,4,4,49.43,91.5,33.8,31.4,12.6,225314,10.29,17.04,0.153,6743,1.05,4558.243981387821,negative
Female,69,12.3,41,46,4,3,5,51.84,95.8,30.9,34.4,12.0,136317,8.51,16.29,0.108,4179,0.8913043478260869,2629.571759259259,positive
Female,41,16.1,40,44,3,2,5,43.44,86.5,33.9,33.8,14.9,251050,9.89,13.96,0.129,6881,0.9090909090909092,5779.235727440148,positive
Female,46,12.9,43,44,2,2,5,38.66,94.3,28.7,31.8,14.2,96433,8.26,14.51,0.152,5482,0.9772727272727272,2494.3869632695296,positive
Female,60,15.6,47,40,4,2,4,49.22,82.7,31.6,33.7,12.2,113282,10.84,13.66,0.185,4201,1.175,2301.5440877691995,positive
Male,42,14.9,42,48,3,3,4,46.46,85.8,27.8,30.5,14.4,156519,8.88,14.91,0.171,5498,0.875,3368.8979767541973,positive
Male,53,17.1,40,40,4,2,4,40.78,82.9,28.1,33.9,14.0,123578,8.68,14.02,0.162,5541,1.0,3030.3580186365866,positive
Female,43,13.8,43,44,3,3,5,44.93,96.2,30.1,32.7,12.2,210843,8.39,16.22,0.15,6590,0.9772727272727272,4692.699755174716,positive
Male,55,11.9,48,49,3,3,4,48.39,84.5,28.6,31.5,12.7,188333,10.84,17.97,0.13,6821,0.979591836734694,3891.981814424468,positive
Female,18,11.6,40,48,4,3,5,48.79,94.3,27.3,33.3,11.7,281279,10.14,13.06,0.112,5312,0.8333333333333334,5765.095306415249,positive
Female,37,16.5,41,43,4,2,4,44.99,98.9,28.1,33.2,11.4,235205,10.22,15.7,0.141,5948,0.9534883720930232,5227.939542120471,positive
Male,45,14.6,48,47,3,2,4,42.27,90.6,26.3,31.0,13.9,130317,9.5,15.87,0.103,4693,1.0212765957446808,3082.966643009226,negative
Female,33,16.2,41,45,2,2,4,51.63,90.8,31.6,30.2,12.1,207878,9.42,17.57,0.121,5719,0.9111111111111112,4026.302537284524,positive
Female,64,12.9,42,42,4,4,4,47.29,89.2,29.9,32.2,14.3,188745,8.33,15.53,0.143,5267,1.0,3991.2243603298793,positive
Male,34,13.6,46,43,3,3,5,43.72,86.5,26.8,32.8,15.0,209230,9.68,15.72,0.142,5791,1.069767441860465,4785.681610247027,positive
Female,57,11.7,42,41,3,4,5,41.93,89.5,27.4,34.4,11.3,145950,8.74,15.36,0.104,6659,1.024390243902439,3480.8013355592657,negative
Female,45,17.3,48,40,2,3,5,48.24,92.1,26.8,34.6,12.9,139612,10.93,14.34,0.159,5721,1.2,2894.112769485904,positive
Male,29,15.5,45,47,2,2,5,41.39,99.7,30.9,32.6,14.2,144873,10.39,13.28,0.155,5621,0.9574468085106383,3500.193283401788,positive
Female,44,17.1,42,40,2,3,4,40.4,98.8,26.8,33.8,14.2,195792,9.24,15.04,0.108,5197,1.05,4846.336633663366,positive
Male,59,13.1,48,40,4,3,5,45.42,97.2,32.0,32.2,14.0,297850,8.45,13.26,0.194,5557,1.2,6557.6838397181855,positive
Female,64,15.2,40,43,3,4,5,42.06,97.8,26.2,33.7,12.4,273074,10.36,15.75,0.11,5532,0.9302325581395348,6492.486923442701,negative
Male,47,15.6,49,49,3,3,5,46.8,89.4,28.0,31.0,12.8,263580,8.37,14.54,0.185,6291,1.0,5632.051282051282,positive
Male,58,13.4,42,49,3,2,4,39.65,93.1,33.1,31.9,13.4,249451,8.57,15.67,0.1,6107,0.8571428571428571,6291.324085750315,negative
Male,51,16.6,40,45,2,3,5,47.17,97.9,31.7,33.2,14.9,204814,8.63,13.67,0.188,4103,0.8888888888888888,4342.039431842272,positive
Female,54,17.2,41,48,3,3,5,41.97,87.9,26.6,30.1,12.3,95231,9.67,17.66,0.102,6698,0.8541666666666666,2269.0254944007625,positive
Male,23,16.8,47,40,4,3,4,38.0,99.2,32.6,33.6,14.7,167385,10.36,17.47,0.176,5694,1.175,4404.868421052632,positive
Male,24,15.9,46,46,2,4,4,39.78,88.3,29.9,34.2,12.1,121163,8.94,13.95,0.136,5010,1.0,3045.8270487682253,positive
Male,49,13.2,41,49,2,3,5,51.07,92.0,32.8,32.0,15.0,201880,8.25,14.72,0.174,5767,0.8367346938775511,3953.005678480517,positive
Male,49,13.2,41,44,2,3,5,50.14,94.2,30.8,32.2,13.7,242748,9.39,16.07,0.14,6124,0.9318181818181818,4841.404068607898,positive
